n_chains,kappa,pi,n_seeds,bin_index,q_low,q_high,q_units,selected_as_sensitivity_peak,S_psi_psi_over_2_final_mean,S_psi_psi_over_2_final_sem,S_psi_psi_over_2_early_mean,S_psi_psi_over_2_early_sem,early_to_final_change_mean,early_to_final_change_sem,final_window_slope_mean_per_step,final_window_slope_sem_per_step
144,0,0.98999999999999999,5,0,0.14999999999999999,0.29999999999999999,nm^-1,False,0.68114517732639956,0.091341511563580946,0.65710295718450706,0.10278866942230776,0.024042220141892445,0.027800284044689663,1.2307379783615786e-05,8.8538738510507849e-06
144,0,0.98999999999999999,5,1,0.29999999999999999,0.45000000000000001,nm^-1,False,0.842557183010195,0.11624438390605528,0.83332479964432982,0.14182663775796517,0.0092323833658652932,0.032607942813964841,3.8318785876674967e-06,3.1407177279335047e-06
144,0,0.98999999999999999,5,2,0.45000000000000001,0.59999999999999998,nm^-1,False,1.4091145993465948,0.14173696271088004,1.4047217634446301,0.13126503030742578,0.0043928359019646647,0.086613237147245656,9.5492280510646618e-06,2.4116742004476746e-05
144,0,0.98999999999999999,5,3,0.59999999999999998,0.75,nm^-1,False,2.0390629152048718,0.17909370224740509,2.0663567569500243,0.19382958712069159,-0.027293841745152925,0.028473534653058546,1.1274972229203981e-05,3.872910183322606e-06
144,0,0.98999999999999999,5,4,0.75,0.90000000000000002,nm^-1,False,3.2944503239763336,0.39784624490945797,3.1374877548746616,0.40681468419959932,0.15696256910167222,0.068363512428209233,3.7981273266172142e-06,1.730807392308518e-05
144,0,0.98999999999999999,5,5,0.90000000000000002,1.05,nm^-1,True,5.7124973338857234,0.58213756856782961,5.7329657081377974,0.52950411670589781,-0.020468374252073041,0.076718268263857151,-1.4477921762266105e-05,9.0996223004626952e-06
144,0,0.98999999999999999,5,6,1.05,1.2,nm^-1,False,5.4843231115438984,0.4998549055664091,5.5973153539462821,0.53827978582717506,-0.1129922424023837,0.11516243835499133,-3.3072828996975841e-06,1.1338947117333219e-05
144,0,0.98999999999999999,5,7,1.2,1.3500000000000001,nm^-1,False,3.453247356861282,0.13904952360361306,3.3574876123285122,0.11801772769451234,0.095759744532769364,0.10107442375671452,8.0241624025758028e-06,1.7407093651359638e-05
144,0,0.98999999999999999,5,8,1.3500000000000001,1.5,nm^-1,False,1.8571755326923125,0.10274496941395178,1.8916321220320675,0.12035317687117748,-0.034456589339755171,0.030586774601204219,1.1735390779939446e-05,8.2494028401862662e-06
144,1,0.98999999999999999,5,0,0.14999999999999999,0.29999999999999999,nm^-1,True,521.17337799420648,18.903892817496217,515.5388496226708,19.801921093549819,5.6345283715357368,1.3943726187555407,0.0010562662445049698,0.00014091532526683026
144,1,0.98999999999999999,5,1,0.29999999999999999,0.45000000000000001,nm^-1,False,50.327238499952237,9.2610396119175338,51.986988496623688,10.441680440155835,-1.6597499966714473,1.4505842123287553,-0.00034651358450577907,0.00017394849189633727
144,1,0.98999999999999999,5,2,0.45000000000000001,0.59999999999999998,nm^-1,False,16.081807143989302,1.6852767612975248,16.683155647430794,2.3014566484016803,-0.60134850344149304,0.83064620369773312,-1.4239139877076231e-05,0.00010350859542393771
144,1,0.98999999999999999,5,3,0.59999999999999998,0.75,nm^-1,False,5.2322321081276462,0.87457378705733491,5.2192897315834257,0.87673762957977153,0.012942376544220036,0.038671609397717951,-1.4308761727481541e-05,6.9740867855167999e-06
144,1,0.98999999999999999,5,4,0.75,0.90000000000000002,nm^-1,False,1.8758354793565473,0.13104935196785891,1.9042247808124415,0.11897664886844755,-0.028389301455894422,0.12615453086001874,3.2190971938266191e-06,7.5739819801095325e-06
144,1,0.98999999999999999,5,5,0.90000000000000002,1.05,nm^-1,False,1.5792691562881105,0.15876383070900005,1.6230656094571141,0.17960495225383022,-0.04379645316900347,0.077736842196396053,-8.2412927309181472e-06,9.2278990894070084e-06
144,1,0.98999999999999999,5,6,1.05,1.2,nm^-1,False,0.73201889511145313,0.021928378900561363,0.74441870436514834,0.024066659249036958,-0.012399809253695281,0.015259344529791571,-2.0371485119715907e-06,2.6521597387724081e-06
144,1,0.98999999999999999,5,7,1.2,1.3500000000000001,nm^-1,False,0.42489328280789651,0.02280095950033344,0.42729588905195925,0.016973396675865143,-0.0024026062440627217,0.015951783758440898,-1.0595291763869273e-06,3.493150984602364e-06
144,1,0.98999999999999999,5,8,1.3500000000000001,1.5,nm^-1,False,0.26962955745268619,0.0077304947264972687,0.27556884495205403,0.012599465854937946,-0.0059392874993678454,0.007584633659252769,1.1627196608543014e-06,1.2798725827626421e-06
288,0,0.98999999999999999,5,0,0.14999999999999999,0.29999999999999999,nm^-1,False,0.40729084062313675,0.06557547991120509,0.37688446685522969,0.055922685822266831,0.030406373767907093,0.019272115820496979,1.1373137463384967e-05,3.1274658579355333e-06
288,0,0.98999999999999999,5,1,0.29999999999999999,0.45000000000000001,nm^-1,False,0.78484458773686028,0.17565903759756679,0.76410743805148795,0.16410402281102282,0.020737149685372269,0.030590953130302027,8.9700237797383142e-06,8.3359497990730456e-06
288,0,0.98999999999999999,5,2,0.45000000000000001,0.59999999999999998,nm^-1,False,1.0507760194781257,0.25055450227678105,0.98507202079453116,0.22867048056890349,0.065703998683594542,0.033044985845254157,1.1640308630140582e-05,6.6482795729599225e-06
288,0,0.98999999999999999,5,3,0.59999999999999998,0.75,nm^-1,False,1.6388180494715692,0.47609222942417712,1.6002118631341269,0.46972375973944497,0.038606186337442047,0.040837877972434954,-7.4760918829599614e-06,9.446355091923834e-06
288,0,0.98999999999999999,5,4,0.75,0.90000000000000002,nm^-1,False,2.7328904059777259,0.91139445777370254,2.6569382667833876,0.90261532108209297,0.075952139194338311,0.036129449525906278,6.4326002592248434e-06,6.1054429675638738e-06
288,0,0.98999999999999999,5,5,0.90000000000000002,1.05,nm^-1,False,3.5563100499791531,1.2425361539412612,3.5355330436867911,1.2513019080126677,0.020777006292362166,0.057562536940998062,-1.0587764952667231e-05,8.2041545012641533e-06
288,0,0.98999999999999999,5,6,1.05,1.2,nm^-1,True,3.5883769565003982,1.2751366364213594,3.6035700106907385,1.2738756181773123,-0.015193054190339972,0.054466135851663135,-3.6786351938882101e-06,1.4880978860775762e-05
288,0,0.98999999999999999,5,7,1.2,1.3500000000000001,nm^-1,False,2.3512730967957451,0.7514913564115544,2.319045795352547,0.75050291214068288,0.032227301443198395,0.056037874383481651,-8.5347600231136984e-06,1.3435552475649237e-05
288,0,0.98999999999999999,5,8,1.3500000000000001,1.5,nm^-1,False,1.233705019804717,0.29759621203573944,1.317825173210375,0.33597332006902164,-0.084120153405657941,0.049098440028473883,-1.6241420785463615e-06,3.2465283860963394e-06
288,1,0.98999999999999999,5,0,0.14999999999999999,0.29999999999999999,nm^-1,True,399.47393964476299,201.11270162923105,389.06376538882319,197.45057843901546,10.410174255939841,4.3531661907417387,0.00074045135705656426,0.00038007510784925357
288,1,0.98999999999999999,5,1,0.29999999999999999,0.45000000000000001,nm^-1,False,103.24386859583986,53.909056008860723,106.71386622155528,55.118505103696272,-3.4699976257154268,1.4040004686131335,-0.00036086983623192641,0.00016452288970234235
288,1,0.98999999999999999,5,2,0.45000000000000001,0.59999999999999998,nm^-1,False,7.3083443542543565,2.7881288741408388,7.2560579188012486,2.7801440156821138,0.052286435453108002,0.066290562482432869,2.2156578271136107e-05,1.8288830908026718e-05
288,1,0.98999999999999999,5,3,0.59999999999999998,0.75,nm^-1,False,3.1973598679707607,1.133921839518524,3.1848855412044372,1.1025750234479628,0.012474326766323618,0.064816630465902469,-8.0077762185681369e-06,1.1600853813475283e-05
288,1,0.98999999999999999,5,4,0.75,0.90000000000000002,nm^-1,False,1.9030883486606953,0.58706827263569628,1.8983902449924912,0.58766820736531533,0.0046981036682038459,0.025598479783646329,-4.5646107141075832e-07,8.8777197822956591e-06
288,1,0.98999999999999999,5,5,0.90000000000000002,1.05,nm^-1,False,0.86685557048185069,0.16313863146762309,0.86190883875380264,0.15861915677369698,0.0049467317280480483,0.0061579439298702866,7.7493653129931599e-06,4.3822765072998352e-06
288,1,0.98999999999999999,5,6,1.05,1.2,nm^-1,False,0.5853221404145319,0.038661120299432764,0.57802102797847321,0.043029864465189846,0.0073011124360585437,0.0097811585237885107,-2.3495864048609257e-06,2.5815554363604579e-06
288,1,0.98999999999999999,5,7,1.2,1.3500000000000001,nm^-1,False,0.45432941751174843,0.030953820411554079,0.45234900021421059,0.032412092516169749,0.0019804172975378732,0.0050035690718804515,2.791815754911221e-06,1.2047790873397457e-06
288,1,0.98999999999999999,5,8,1.3500000000000001,1.5,nm^-1,False,0.3680088825577707,0.055362984667436776,0.35275277472720368,0.0524183591992698,0.015256107830567023,0.005473727894210534,4.0498464177276395e-07,1.6889902414300055e-06
576,0,0.98999999999999999,5,0,0.14999999999999999,0.29999999999999999,nm^-1,False,0.58211609145254073,0.078738797121707338,0.62821941927649494,0.073700288725937771,-0.046103327823954231,0.014495934828800221,5.7115823097700535e-06,1.4666911237032749e-06
576,0,0.98999999999999999,5,1,0.29999999999999999,0.45000000000000001,nm^-1,False,1.0097609685484206,0.13443595671678396,1.014319937800616,0.13809989355229399,-0.0045589692521952772,0.025873065603993939,7.8775716807942793e-06,6.6660428338623203e-06
576,0,0.98999999999999999,5,2,0.45000000000000001,0.59999999999999998,nm^-1,False,1.2073335127023757,0.17472228537491885,1.2102979150236892,0.1984061118230433,-0.0029644023213134751,0.042542859863011206,-4.217623408573074e-06,4.0650897460133477e-06
576,0,0.98999999999999999,5,3,0.59999999999999998,0.75,nm^-1,False,1.9722510225174972,0.36899675053760211,1.9797958436930685,0.3709177882506558,-0.0075448211755713588,0.028210279860037407,8.6461827040730674e-07,4.0143208708383097e-06
576,0,0.98999999999999999,5,4,0.75,0.90000000000000002,nm^-1,False,2.9256681113828358,0.62491406486654999,2.8671438945418082,0.6159831529421238,0.058524216841026835,0.066409262432506527,-2.1708800811533315e-06,4.5430018098288714e-06
576,0,0.98999999999999999,5,5,0.90000000000000002,1.05,nm^-1,True,4.6094940207659807,1.0361526847460918,4.5466182175523091,1.0199625224190469,0.062875803213670783,0.019707459639147905,-7.7604304643297074e-06,1.2186603992768001e-05
576,0,0.98999999999999999,5,6,1.05,1.2,nm^-1,False,4.4475345777578221,1.0064857246358232,4.4928333702222156,1.016709730385464,-0.045298792464393986,0.016756869804319448,-1.2108931793056682e-05,6.0530809494953795e-06
576,0,0.98999999999999999,5,7,1.2,1.3500000000000001,nm^-1,False,3.0124373896422796,0.63231795270056934,3.0195514617086516,0.63216563404969739,-0.0071140720663719348,0.022581910275438554,1.068519460893219e-05,1.0746595220743921e-05
576,0,0.98999999999999999,5,8,1.3500000000000001,1.5,nm^-1,False,1.6493030193447367,0.28037258292144268,1.6630824535008997,0.29055377023932288,-0.013779434156162739,0.024266771001564512,-1.9476990731307251e-06,1.8122691910679199e-06
576,1,0.98999999999999999,5,0,0.14999999999999999,0.29999999999999999,nm^-1,True,468.25899350856361,121.57426001091952,463.20879689051708,119.95870382729136,5.0501966180465843,2.4914916361480368,0.00023949883573879307,0.00034682188115805915
576,1,0.98999999999999999,5,1,0.29999999999999999,0.45000000000000001,nm^-1,False,60.757148265591297,17.760989178770252,61.463122711102038,17.779962623396507,-0.70597444551073518,0.61416108063616393,1.7958503759761587e-05,9.3516387542290811e-05
576,1,0.98999999999999999,5,2,0.45000000000000001,0.59999999999999998,nm^-1,False,9.1724756571889259,2.2568943117591331,9.5359806611425668,2.3520527900870625,-0.36350500395363927,0.12890590909108909,-5.482240849517641e-05,1.7715169897918704e-05
576,1,0.98999999999999999,5,3,0.59999999999999998,0.75,nm^-1,False,4.2504636453316307,0.98521332859774946,4.2789355120548374,0.97862665894775613,-0.028471866723207073,0.048205684762433761,1.2358130003360017e-05,1.1080009937105847e-05
576,1,0.98999999999999999,5,4,0.75,0.90000000000000002,nm^-1,False,2.1643383847363546,0.44542315803236854,2.1712087262385484,0.44219732939754663,-0.0068703415021934998,0.041203688847949879,4.8392457772372164e-06,5.330577919735579e-06
576,1,0.98999999999999999,5,5,0.90000000000000002,1.05,nm^-1,False,1.0380400229020188,0.14533825678123791,1.0458800047184678,0.14791508663315003,-0.0078399818164489824,0.018582306968508034,-1.4622920998592236e-06,3.6345337115346016e-06
576,1,0.98999999999999999,5,6,1.05,1.2,nm^-1,False,0.60106889108217909,0.034681000870545486,0.61390102734452889,0.03944247418777861,-0.012832136262349881,0.0085748802876316876,-4.9372441206748689e-07,1.3410160066097629e-06
576,1,0.98999999999999999,5,7,1.2,1.3500000000000001,nm^-1,False,0.4296757705825307,0.022796376028415399,0.42529159088589685,0.021831873422950909,0.004384179696633861,0.0034410618802454516,-3.8273779691407973e-07,7.2899292613955693e-07
576,1,0.98999999999999999,5,8,1.3500000000000001,1.5,nm^-1,False,0.31123786415061738,0.046012190398532583,0.31087353306507398,0.046238064770160452,0.00036433108554340674,0.0040554363320208535,4.1321177450952347e-07,1.1358598967055846e-06
