run_index,run_id,n_chains,chain_length,n_beads,box_size,bead_density,kappa,pi,seed,realized_f_A,sequence_balance_attempts,n_early_frames,n_final_frames,early_first_step,early_last_step,final_first_step,final_last_step,secondary_per_seed_max_metric,secondary_per_seed_max_k_star,secondary_per_seed_max_k_star_units,secondary_per_seed_max_amplitude,secondary_per_seed_max_boundary,secondary_per_seed_max_early_to_final_change,secondary_per_seed_max_final_window_slope_per_step,diagnostic_AA_minus_AB_at_secondary_per_seed_max_k_star,diagnostic_AA_minus_AB_k_star,diagnostic_AA_minus_AB_peak_amplitude,primary_condition_selected_shell_index,primary_condition_selected_k_star,primary_condition_selected_k_star_units,primary_condition_selected_boundary,primary_at_condition_selected_shell_final,primary_at_condition_selected_shell_early,primary_at_condition_selected_shell_early_to_final_change,primary_at_condition_selected_shell_final_window_slope_per_step
0,M0144_N40_kappa0_pi0p990_seed1,144,40,5760,22,0.54094665664913599,0,0.98999999999999999,1,0.5,3,5,5,232000,240000,242000,250000,max_exact_shell mean_final_frames[S_psi_psi^(N)(q)/2],1.0297430362853615,nm^-1,8.225891398257172,none,0.49402054734099554,-6.2044395908744717e-05,8.7229546801858966,1.0297430362853615,8.7229546801858966,11,1.0297430362853615,nm^-1,none,8.225891398257172,7.7318708509161764,0.49402054734099554,-6.2044395908744717e-05
1,M0144_N40_kappa0_pi0p990_seed2,144,40,5760,22,0.54094665664913599,0,0.98999999999999999,2,0.5,190,5,5,232000,240000,242000,250000,max_exact_shell mean_final_frames[S_psi_psi^(N)(q)/2],0.98934510776411877,nm^-1,9.0931500794103517,none,0.35959083677259862,9.0858980505280121e-05,8.6633526803872734,0.98934510776411877,8.6633526803872734,11,1.0297430362853615,nm^-1,none,6.1927400501140912,5.9127960018182115,0.27994404829587971,0.0001250103963636675
2,M0144_N40_kappa0_pi0p990_seed3,144,40,5760,22,0.54094665664913599,0,0.98999999999999999,3,0.5,35,5,5,232000,240000,242000,250000,max_exact_shell mean_final_frames[S_psi_psi^(N)(q)/2],1.1423973285781066,nm^-1,7.1044235289961764,none,-0.98861916742452305,-0.00014902194915269738,7.3344378169962994,1.1423973285781066,7.3344378169962994,11,1.0297430362853615,nm^-1,none,2.9391730876335109,3.1780837485905957,-0.2389106609570848,-2.8511504282278521e-05
3,M0144_N40_kappa0_pi0p990_seed4,144,40,5760,22,0.54094665664913599,0,0.98999999999999999,4,0.5,58,5,5,232000,240000,242000,250000,max_exact_shell mean_final_frames[S_psi_psi^(N)(q)/2],1.1423973285781066,nm^-1,8.282140217812513,none,0.39190066473516083,-0.00014658125652092975,8.1624717481778752,1.1423973285781066,8.1624717481778752,11,1.0297430362853615,nm^-1,none,6.1443853873462562,6.4531422294402034,-0.30875684209394727,-0.00015789413238573915
4,M0144_N40_kappa0_pi0p990_seed5,144,40,5760,22,0.54094665664913599,0,0.98999999999999999,5,0.5,75,5,5,232000,240000,242000,250000,max_exact_shell mean_final_frames[S_psi_psi^(N)(q)/2],0.94722582509948294,nm^-1,9.2479036111232649,none,-0.45552172481083275,-2.3316798914242098e-06,9.2651201410511721,0.94722582509948294,9.2651201410511721,11,1.0297430362853615,nm^-1,none,7.1238345132947627,6.6093586936563229,0.5144758196384398,-6.7545586763091245e-05
5,M0144_N40_kappa1_pi0p990_seed1,144,40,5760,22,0.54094665664913599,1,0.98999999999999999,1,0.5,614,5,5,232000,240000,242000,250000,max_exact_shell mean_final_frames[S_psi_psi^(N)(q)/2],0.28559933214452665,nm^-1,557.64152843282466,q_min,6.5589565730618915,0.0011525860297041479,560.54403215407569,0.28559933214452665,560.54403215407569,0,0.28559933214452665,nm^-1,q_min,557.64152843282466,551.08257185976277,6.5589565730618915,0.0011525860297041479
6,M0144_N40_kappa1_pi0p990_seed2,144,40,5760,22,0.54094665664913599,1,0.98999999999999999,2,0.5,256,5,5,232000,240000,242000,250000,max_exact_shell mean_final_frames[S_psi_psi^(N)(q)/2],0.28559933214452665,nm^-1,494.74015819263661,q_min,4.0952255714602188,0.0010529151859378907,476.92686892808035,0.28559933214452665,476.92686892808035,0,0.28559933214452665,nm^-1,q_min,494.74015819263661,490.64493262117639,4.0952255714602188,0.0010529151859378907
7,M0144_N40_kappa1_pi0p990_seed3,144,40,5760,22,0.54094665664913599,1,0.98999999999999999,3,0.5,97,5,5,232000,240000,242000,250000,max_exact_shell mean_final_frames[S_psi_psi^(N)(q)/2],0.28559933214452665,nm^-1,461.78899575190309,q_min,9.810507732101712,0.0014804278986657096,459.21480117854401,0.28559933214452665,459.21480117854401,0,0.28559933214452665,nm^-1,q_min,461.78899575190309,451.97848801980138,9.810507732101712,0.0014804278986657096
8,M0144_N40_kappa1_pi0p990_seed4,144,40,5760,22,0.54094665664913599,1,0.98999999999999999,4,0.5,169,5,5,232000,240000,242000,250000,max_exact_shell mean_final_frames[S_psi_psi^(N)(q)/2],0.28559933214452665,nm^-1,559.52862144870301,q_min,1.4165652531152091,0.00060505004443438953,551.1242576205716,0.28559933214452665,551.1242576205716,0,0.28559933214452665,nm^-1,q_min,559.52862144870301,558.1120561955878,1.4165652531152091,0.00060505004443438953
9,M0144_N40_kappa1_pi0p990_seed5,144,40,5760,22,0.54094665664913599,1,0.98999999999999999,5,0.5,88,5,5,232000,240000,242000,250000,max_exact_shell mean_final_frames[S_psi_psi^(N)(q)/2],0.28559933214452665,nm^-1,532.1675861449653,q_min,6.2913867279396527,0.000990352063782711,539.92932586560687,0.28559933214452665,539.92932586560687,0,0.28559933214452665,nm^-1,q_min,532.1675861449653,525.87619941702565,6.2913867279396527,0.000990352063782711
10,M0288_N40_kappa0_pi0p990_seed1,288,40,11520,27.71826309768721,0.54094665664913599,0,0.98999999999999999,1,0.5,94,5,5,232000,240000,242000,250000,max_exact_shell mean_final_frames[S_psi_psi^(N)(q)/2],1.4336523512723329,nm^-1,0.65510588686698257,none,0.14908219730269101,-2.8364527173485009e-05,0.66683319691502574,0.39262186620608847,0.73039542191369167,16,0.98807669517433072,nm^-1,none,0.42038762706065291,0.52242503790428396,-0.10203741084363105,6.6800243444108506e-06
11,M0288_N40_kappa0_pi0p990_seed2,288,40,11520,27.71826309768721,0.54094665664913599,0,0.98999999999999999,2,0.5,41,5,5,232000,240000,242000,250000,max_exact_shell mean_final_frames[S_psi_psi^(N)(q)/2],0.90672136057527364,nm^-1,0.66110811764030919,none,-0.0025880895656394953,1.106034084090528e-05,0.74935287909764825,0.90672136057527364,0.74935287909764825,16,0.98807669517433072,nm^-1,none,0.56339194863344066,0.54013874206678658,0.023253206566654083,-5.8875774263564952e-06
12,M0288_N40_kappa0_pi0p990_seed3,288,40,11520,27.71826309768721,0.54094665664913599,0,0.98999999999999999,3,0.5,48,5,5,232000,240000,242000,250000,max_exact_shell mean_final_frames[S_psi_psi^(N)(q)/2],0.98807669517433072,nm^-1,8.3056351575446055,none,0.61488850746908597,3.9430211915305155e-05,8.4563339810433185,0.98807669517433072,8.4563339810433185,16,0.98807669517433072,nm^-1,none,8.3056351575446055,7.6907466500755195,0.61488850746908597,3.9430211915305155e-05
13,M0288_N40_kappa0_pi0p990_seed4,288,40,11520,27.71826309768721,0.54094665664913599,0,0.98999999999999999,4,0.5,17,5,5,232000,240000,242000,250000,max_exact_shell mean_final_frames[S_psi_psi^(N)(q)/2],0.98807669517433072,nm^-1,7.624769257080632,none,0.40957870738142166,0.00018316944599456719,7.8647801116436256,0.98807669517433072,7.8647801116436256,16,0.98807669517433072,nm^-1,none,7.624769257080632,7.2151905496992104,0.40957870738142166,0.00018316944599456719
14,M0288_N40_kappa0_pi0p990_seed5,288,40,11520,27.71826309768721,0.54094665664913599,0,0.98999999999999999,5,0.5,89,5,5,232000,240000,242000,250000,max_exact_shell mean_final_frames[S_psi_psi^(N)(q)/2],0.98807669517433072,nm^-1,9.7659750975240947,none,-1.4393430965308056,-0.00018919312304991164,9.9033607119319651,0.98807669517433072,9.9033607119319651,16,0.98807669517433072,nm^-1,none,9.7659750975240947,11.2053181940549,-1.4393430965308056,-0.00018919312304991164
15,M0288_N40_kappa1_pi0p990_seed1,288,40,11520,27.71826309768721,0.54094665664913599,1,0.98999999999999999,1,0.5,3717,5,5,232000,240000,242000,250000,max_exact_shell mean_final_frames[S_psi_psi^(N)(q)/2],0.78524373241217693,nm^-1,0.6931001592379622,none,0.15047792686230921,2.0062985207764259e-06,0.61228583560104821,0.55525116807288499,0.70833282221770233,0,0.22668034014381841,nm^-1,q_min,0.47444292031775354,0.53552555197447371,-0.061082631656720177,-8.1605295469423033e-05
16,M0288_N40_kappa1_pi0p990_seed2,288,40,11520,27.71826309768721,0.54094665664913599,1,0.98999999999999999,2,0.5,598,5,5,232000,240000,242000,250000,max_exact_shell mean_final_frames[S_psi_psi^(N)(q)/2],0.45336068028763682,nm^-1,0.69473853940289065,none,0.29845669308891831,-3.3154527170864187e-05,0.70070355564123132,0.45336068028763682,0.70070355564123132,0,0.22668034014381841,nm^-1,q_min,0.61012792160267904,0.36264955332255167,0.24747836828012737,-0.00010955170743135343
17,M0288_N40_kappa1_pi0p990_seed3,288,40,11520,27.71826309768721,0.54094665664913599,1,0.98999999999999999,3,0.5,44,5,5,232000,240000,242000,250000,max_exact_shell mean_final_frames[S_psi_psi^(N)(q)/2],0.32057441135473436,nm^-1,427.77454089640617,none,-3.8722710031194651,-0.00067814152995281042,371.71952346681348,0.32057441135473436,371.71952346681348,0,0.22668034014381841,nm^-1,q_min,237.18694238825873,221.93986510454761,15.247077283711121,0.00094592383738591451
18,M0288_N40_kappa1_pi0p990_seed4,288,40,11520,27.71826309768721,0.54094665664913599,1,0.98999999999999999,4,0.5,45,5,5,232000,240000,242000,250000,max_exact_shell mean_final_frames[S_psi_psi^(N)(q)/2],0.22668034014381841,nm^-1,838.60973372623778,q_min,21.30072920230225,0.0019057180075175361,789.70960274913591,0.22668034014381841,789.70960274913591,0,0.22668034014381841,nm^-1,q_min,838.60973372623778,817.30900452393553,21.30072920230225,0.0019057180075175361
19,M0288_N40_kappa1_pi0p990_seed5,288,40,11520,27.71826309768721,0.54094665664913599,1,0.98999999999999999,5,0.5,29,5,5,232000,240000,242000,250000,max_exact_shell mean_final_frames[S_psi_psi^(N)(q)/2],0.22668034014381841,nm^-1,920.4884512673982,q_min,15.316669057062427,0.0010417719432801473,893.93986821636668,0.22668034014381841,893.93986821636668,0,0.22668034014381841,nm^-1,q_min,920.4884512673982,905.17178221033578,15.316669057062427,0.0010417719432801473
20,M0576_N40_kappa0_pi0p990_seed1,576,40,23040,34.922823143300384,0.54094665664913621,0,0.98999999999999999,1,0.5,326,5,5,232000,240000,242000,250000,max_exact_shell mean_final_frames[S_psi_psi^(N)(q)/2],1.0943881598748775,nm^-1,8.7483106060387676,none,-0.97013641665302686,-1.3736039005403291e-05,8.5372962218287984,1.0943881598748775,8.5372962218287984,29,1.0643992158579185,nm^-1,none,5.8039493386378878,5.1914007948547738,0.61254854378311396,-4.1024870016284512e-05
21,M0576_N40_kappa0_pi0p990_seed2,576,40,23040,34.922823143300384,0.54094665664913621,0,0.98999999999999999,2,0.5,51,5,5,232000,240000,242000,250000,max_exact_shell mean_final_frames[S_psi_psi^(N)(q)/2],1.4393304416192265,nm^-1,0.64723316300963363,none,0.042663697037600867,0.00011084965716250818,0.71687221265826484,1.4393304416192265,0.71687221265826484,29,1.0643992158579185,nm^-1,none,0.55274417428795952,0.495376528196452,0.057367646091507518,1.2282413673872975e-05
22,M0576_N40_kappa0_pi0p990_seed3,576,40,23040,34.922823143300384,0.54094665664913621,0,0.98999999999999999,3,0.5,44,5,5,232000,240000,242000,250000,max_exact_shell mean_final_frames[S_psi_psi^(N)(q)/2],0.9688789550056528,nm^-1,7.8556834662230699,none,0.013692426785103962,-8.3568233398120082e-05,7.5718896170742109,0.9688789550056528,7.5718896170742109,29,1.0643992158579185,nm^-1,none,6.8318388233613891,6.3036284095434727,0.52821041381791645,4.143153435835848e-06
23,M0576_N40_kappa0_pi0p990_seed4,576,40,23040,34.922823143300384,0.54094665664913621,0,0.98999999999999999,4,0.5,289,5,5,232000,240000,242000,250000,max_exact_shell mean_final_frames[S_psi_psi^(N)(q)/2],0.9173967510405695,nm^-1,6.9002938347685951,none,0.14889073435541889,1.0342823493987817e-05,7.0400869850146819,0.9173967510405695,7.0400869850146819,29,1.0643992158579185,nm^-1,none,6.0041383809045863,6.2866494484872453,-0.28251106758265898,-0.00010864600613130852
24,M0576_N40_kappa0_pi0p990_seed5,576,40,23040,34.922823143300384,0.54094665664913621,0,0.98999999999999999,5,0.5,326,5,5,232000,240000,242000,250000,max_exact_shell mean_final_frames[S_psi_psi^(N)(q)/2],1.0643992158579185,nm^-1,7.5630922292922165,none,0.3695865716791058,-7.8109244305932415e-06,7.3718970091601292,1.0643992158579185,7.3718970091601292,29,1.0643992158579185,nm^-1,none,7.5630922292922165,7.1935056576131107,0.3695865716791058,-7.8109244305932415e-06
25,M0576_N40_kappa1_pi0p990_seed1,576,40,23040,34.922823143300384,0.54094665664913621,1,0.98999999999999999,1,0.5,374,5,5,232000,240000,242000,250000,max_exact_shell mean_final_frames[S_psi_psi^(N)(q)/2],0.31162418172063122,nm^-1,657.11258153246581,none,11.414079560513528,0.0029509397505125962,473.5588593214012,0.25444007890929582,672.28109761840631,1,0.25444007890929582,nm^-1,none,583.01739697357368,594.10159790100647,-11.084200927432789,-0.0024677700137372013
26,M0576_N40_kappa1_pi0p990_seed2,576,40,23040,34.922823143300384,0.54094665664913621,1,0.98999999999999999,2,0.5,336,5,5,232000,240000,242000,250000,max_exact_shell mean_final_frames[S_psi_psi^(N)(q)/2],1.2464967268825249,nm^-1,0.84591876785594233,none,0.32473830236592971,3.5405527993762532e-05,0.66313351899978612,0.71966522080961326,0.69052279226454638,1,0.25444007890929582,nm^-1,none,0.33977429466320253,0.51338823511894693,-0.17361394045574441,3.265235998406091e-05
27,M0576_N40_kappa1_pi0p990_seed3,576,40,23040,34.922823143300384,0.54094665664913621,1,0.98999999999999999,3,0.5,1644,5,5,232000,240000,242000,250000,max_exact_shell mean_final_frames[S_psi_psi^(N)(q)/2],0.25444007890929582,nm^-1,751.58357918967454,none,-8.6311969344794761,-0.0012499633828804944,889.36830089605132,0.25444007890929582,889.36830089605132,1,0.25444007890929582,nm^-1,none,751.58357918967454,760.21477612415401,-8.6311969344794761,-0.0012499633828804944
28,M0576_N40_kappa1_pi0p990_seed4,576,40,23040,34.922823143300384,0.54094665664913621,1,0.98999999999999999,4,0.5,541,5,5,232000,240000,242000,250000,max_exact_shell mean_final_frames[S_psi_psi^(N)(q)/2],0.25444007890929582,nm^-1,822.60397230466731,none,14.886477863290111,0.0013910035122337752,861.70487403767595,0.25444007890929582,861.70487403767595,1,0.25444007890929582,nm^-1,none,822.60397230466731,807.7174944413772,14.886477863290111,0.0013910035122337752
29,M0576_N40_kappa1_pi0p990_seed5,576,40,23040,34.922823143300384,0.54094665664913621,1,0.98999999999999999,5,0.5,71,5,5,232000,240000,242000,250000,max_exact_shell mean_final_frames[S_psi_psi^(N)(q)/2],0.17991630520240331,nm^-1,768.27017878226957,q_min,27.656248778949703,0.002106225608260522,680.64846974849843,0.17991630520240331,680.64846974849843,1,0.25444007890929582,nm^-1,none,582.18658742813818,586.35849226319613,-4.1719048350579442,-6.5739318423834624e-05
