kappa,pi,tw,seed,contrast,SAA,k_star_c,E,Rg
0.0,0.995,1000000,1,0.005304147743369934,0.007862997847695022,1.28519699465037,-23022.23178100586,2.6644630896099475
0.0,0.995,1000000,2,0.005178224253036748,0.011928956949130803,1.28519699465037,-22445.428565979004,2.631332168872647
0.0,0.995,1000000,3,0.005878707893645911,0.012771702669816924,1.28519699465037,-22486.353515625,2.6175587177263773
0.0,0.995,100000,1,0.005211674167044288,0.008109286540291328,1.28519699465037,-22638.971935272217,2.6365262732945447
0.0,0.995,100000,2,0.004789869488140777,0.011498266315799565,1.28519699465037,-22279.785202026367,2.630695149583946
0.0,0.995,100000,3,0.005709165420973143,0.011551428886038221,1.28519699465037,-22480.101692199707,2.6043960425862593
0.0,0.995,3000000,1,0.005730727378841685,0.007004858607612914,1.28519699465037,-23301.085605621334,2.653034064914179
0.0,0.995,3000000,2,0.0057293694670912405,0.010456417985586042,1.28519699465037,-22758.425552368164,2.646604412786184
0.0,0.995,3000000,3,0.005780037255026563,0.00986641244497537,1.28519699465037,-22754.02194595337,2.632433060121838
0.0,0.995,300000,1,0.005136462368707715,0.00776258345279055,1.28519699465037,-22738.251846313477,2.6600230013384576
0.0,0.995,300000,2,0.004899297664498597,0.012522655953910892,1.28519699465037,-22116.727241516113,2.6122225194496327
0.0,0.995,300000,3,0.005697956632669804,0.012016102386374438,1.28519699465037,-22491.94216156006,2.6186370665236867
0.0,0.995,30000,1,0.0048481282300588445,0.008725481331503887,1.28519699465037,-22255.93453979492,2.6287747615183954
0.0,0.995,30000,2,0.004377714802532637,0.010705601158733372,1.28519699465037,-21799.27191925049,2.614975435041243
0.0,0.995,30000,3,0.004668450449274993,0.010931576525448973,1.28519699465037,-22098.94101333618,2.603257743622117
0.0,0.9,1000000,1,0.005878396383728439,0.008275245375684677,1.28519699465037,-22891.10026550293,2.6778536889901674
0.0,0.9,1000000,2,0.0055495552895838095,0.011243858041303928,1.28519699465037,-22788.775680541992,2.6506434924384568
0.0,0.9,1000000,3,0.0059852836447284,0.01041167198739917,1.28519699465037,-22901.867641448975,2.6156072640511803
0.0,0.9,100000,1,0.0053104898030603065,0.007383722399264341,1.28519699465037,-22619.872943878177,2.634695877944824
0.0,0.9,100000,2,0.004957615552587175,0.010898197931915786,1.28519699465037,-22264.726009368896,2.5956649490594748
0.0,0.9,100000,3,0.004821648963125516,0.01102104509733789,1.28519699465037,-22303.945846557617,2.5963869535538673
0.0,0.9,3000000,1,0.006630730256281277,0.007292731142814713,1.28519699465037,-23250.729667663574,2.7051097150587946
0.0,0.9,3000000,2,0.005388759521398913,0.013069321897014097,1.28519699465037,-22615.16241836548,2.583652470198484
0.0,0.9,3000000,3,0.006191310248712792,0.010973445845409636,1.28519699465037,-23067.01271057129,2.653039539303533
0.0,0.9,300000,1,0.005766302235429706,0.007415571076743356,1.28519699465037,-22906.16477203369,2.653381569906074
0.0,0.9,300000,2,0.005364133369974933,0.012378446911877115,1.28519699465037,-22629.4744682312,2.650122389490662
0.0,0.9,300000,3,0.005999333535992551,0.011829002302683562,1.28519699465037,-22638.75171852112,2.6084283051806096
0.0,0.9,30000,1,0.004439436857035862,0.008738802867036726,1.28519699465037,-22161.926677703857,2.6492042237444897
0.0,0.9,30000,2,0.004746409169689327,0.011411327614890197,1.28519699465037,-22051.346229553223,2.618259336150554
0.0,0.9,30000,3,0.0052458099187837025,0.010498920846633687,1.28519699465037,-22042.951976776123,2.5877762604870767
0.5,0.995,1000000,1,0.009932632729075682,0.008880283154032656,0.9995976625058433,-24551.59809112549,2.6225865680585176
0.5,0.995,1000000,2,0.013216413441922533,0.014985864950485627,0.7139983303613167,-24670.588996887207,2.572609509033483
0.5,0.995,1000000,3,0.017798072572555862,0.022940910977093665,0.7139983303613167,-24114.06559753418,2.584567794556866
0.5,0.995,100000,1,0.010191041395390002,0.009625354335016609,0.9995976625058433,-24302.179023742676,2.6172529008822716
0.5,0.995,100000,2,0.010650759110986431,0.012451992426935081,0.9995976625058433,-23610.770027160645,2.5556761561431225
0.5,0.995,100000,3,0.017765025088163945,0.023069241792174715,0.7139983303613167,-23959.02442550659,2.5890699503707166
0.5,0.995,3000000,1,0.010315782198213611,0.00799627405520122,0.9995976625058433,-24840.83176422119,2.6348667646326884
0.5,0.995,3000000,2,0.013563091689639505,0.014743657525313281,0.7139983303613167,-24565.08106613159,2.5775050388802447
0.5,0.995,3000000,3,0.020643076753542402,0.02395591008032976,0.7139983303613167,-24216.387031555176,2.5686443802574517
0.5,0.995,300000,1,0.011842947229093435,0.009302589051398982,0.9995976625058433,-24293.256114959717,2.5703174404357387
0.5,0.995,300000,2,0.011372186699373376,0.012425629847731759,0.9995976625058433,-23984.759735107426,2.5616740115745262
0.5,0.995,300000,3,0.019560045120748486,0.02225577577120586,0.7139983303613167,-24275.47093963623,2.608364527315596
0.5,0.995,30000,1,0.009558474182805088,0.008670919472957032,0.9995976625058433,-23825.034606933594,2.603813221331521
0.5,0.995,30000,2,0.010615312622561244,0.013157792658331151,0.7139983303613167,-23688.379165649418,2.5650255623205416
0.5,0.995,30000,3,0.01822591933517142,0.022153230464829025,0.7139983303613167,-23508.737773895264,2.571794207081896
0.5,0.9,1000000,1,0.0088841990218569,0.013015183583106668,0.9995976625058433,-24058.585441589355,2.6532087449733037
0.5,0.9,1000000,2,0.009057567115920144,0.010216098888856627,0.9995976625058433,-23719.636615753177,2.622895162652853
0.5,0.9,1000000,3,0.009536195442671824,0.014767937875525022,0.9995976625058433,-23808.160202026367,2.6662123112376586
0.5,0.9,100000,1,0.007633305073662222,0.012311234363770268,0.9995976625058433,-23500.91513824463,2.665727192691366
0.5,0.9,100000,2,0.008545329112992082,0.011229116955767999,0.9995976625058433,-23295.69023132324,2.6271093637903133
0.5,0.9,100000,3,0.008826822138798634,0.015540118202916259,0.9995976625058433,-23288.31803894043,2.6186351675669695
0.5,0.9,3000000,1,0.00883832672533156,0.013430785043474091,0.7139983303613167,-24246.081661224365,2.652032563306604
0.5,0.9,3000000,2,0.008215791137570884,0.012788038409851748,0.9995976625058433,-24074.95642089844,2.664180731438831
0.5,0.9,3000000,3,0.010576410432001604,0.015493601330178672,0.9995976625058433,-24104.17366027832,2.6681938731701877
0.5,0.9,300000,1,0.008578754005795186,0.014034476784901315,0.9995976625058433,-23691.99550628662,2.6392140998536453
0.5,0.9,300000,2,0.008647436775472448,0.0117780209402188,0.9995976625058433,-23492.89023590088,2.637120326984874
0.5,0.9,300000,3,0.009801964825409473,0.014559824731098323,0.9995976625058433,-23695.42406463623,2.628575005084856
0.5,0.9,30000,1,0.007550336282650836,0.0134263724947376,1.28519699465037,-23278.71771621704,2.6278607321247702
0.5,0.9,30000,2,0.00823298782925899,0.011901590950575618,0.9995976625058433,-23042.779747009277,2.6323098956642457
0.5,0.9,30000,3,0.008217194005750387,0.015003686643493854,0.9995976625058433,-23070.852993011475,2.6345920707999877
1.0,0.995,1000000,1,0.05951659908825596,0.03642471087418862,0.7139983303613167,-28354.369659423828,2.491396385203903
1.0,0.995,1000000,2,0.05140317029967988,0.031190106578809572,0.7139983303613167,-29468.196182250977,2.386139722279908
1.0,0.995,1000000,3,0.06810192076914952,0.04606167862157089,0.7139983303613167,-28944.127682685852,2.498327702318379
1.0,0.995,100000,1,0.05799464457346179,0.034071547934340696,0.7139983303613167,-28263.62678527832,2.4350254276647143
1.0,0.995,100000,2,0.05380849717096953,0.03324938672757447,0.7139983303613167,-28822.471294403076,2.44942649229772
1.0,0.995,100000,3,0.06585627983947498,0.045056598239229154,0.7139983303613167,-28543.298309326172,2.460165094381024
1.0,0.995,3000000,1,0.052456744948149045,0.03196904952812285,0.7139983303613167,-28361.29315185547,2.4202161080922604
1.0,0.995,3000000,2,0.05107456992646849,0.03166279858674183,0.7139983303613167,-29438.774879455566,2.431737491828146
1.0,0.995,3000000,3,0.07211508731396317,0.047982264931563635,0.7139983303613167,-28846.34476852417,2.4570214134953385
1.0,0.995,300000,1,0.05891630641053516,0.0365282004190735,0.7139983303613167,-28019.62944412231,2.4444969509848105
1.0,0.995,300000,2,0.04985886014959029,0.03000424795493964,0.7139983303613167,-29402.813835144043,2.4041611646670336
1.0,0.995,300000,3,0.06725062256489964,0.0448404535254263,0.7139983303613167,-28294.227611541748,2.4744274494750047
1.0,0.995,30000,1,0.059123582779331524,0.037218105522948054,0.7139983303613167,-27565.598503112793,2.43320231776202
1.0,0.995,30000,2,0.048494908696123634,0.03134150293369141,0.7139983303613167,-28212.419464111328,2.406440993488356
1.0,0.995,30000,3,0.06673923901004122,0.04500051597774292,0.7139983303613167,-27827.02994155884,2.435791563118199
1.0,0.9,1000000,1,0.022938407375663532,0.02215602645244633,0.7139983303613167,-26080.65810775757,2.6794918060549424
1.0,0.9,1000000,2,0.040444870542765785,0.028824009368564302,0.7139983303613167,-27200.613788604736,2.6271589514556464
1.0,0.9,1000000,3,0.023809429124320106,0.02387749394491273,0.7139983303613167,-25799.426223754883,2.680101302144766
1.0,0.9,100000,1,0.023547587996432133,0.020751072597168373,0.7139983303613167,-25853.882720947266,2.665476481783677
1.0,0.9,100000,2,0.03704330371948682,0.028392727817588316,0.7139983303613167,-26391.876655578613,2.605817254038445
1.0,0.9,100000,3,0.025274231512125225,0.024275801898317472,0.7139983303613167,-25761.46704864502,2.6681896144579733
1.0,0.9,3000000,1,0.030590027730775883,0.024924837115167884,0.7139983303613167,-26853.523361206055,2.7313288670921065
1.0,0.9,3000000,2,0.04606851954640277,0.03270526646346374,0.7139983303613167,-27330.154251098633,2.6354999218260633
1.0,0.9,3000000,3,0.03143940707322982,0.028454381231295532,0.7139983303613167,-25770.38055038452,2.704766614927756
1.0,0.9,300000,1,0.027304885504893402,0.024563885490831015,0.7139983303613167,-26203.085739135742,2.7036075454988753
1.0,0.9,300000,2,0.04104140594979316,0.02946227576430784,0.7139983303613167,-26900.60120010376,2.6007574691116724
1.0,0.9,300000,3,0.025548787803929544,0.024958644764807532,0.7139983303613167,-25582.27326965332,2.658199433735988
1.0,0.9,30000,1,0.019575156473499923,0.018681461972390966,0.9995976625058433,-25071.01860809326,2.6501598327215135
1.0,0.9,30000,2,0.03145973867664256,0.023633438338093872,0.7139983303613167,-26338.4893989563,2.5603517480568545
1.0,0.9,30000,3,0.023664184524645394,0.022406899087144418,0.7139983303613167,-24832.926651000977,2.632878173003252
