kappa,T_q,seed,k_star_contrast,contrast_peak,SAA_peak,SAA_at_kc,SAB_at_kc,E_final,Rg_final
0.0,0.4,1,1.28519699465037,0.0043218508556629185,0.010356680938518086,0.002873189351664027,-0.0014486615039988918,-8963.809627532959,2.6799092724799363
0.0,0.4,2,1.28519699465037,0.004524813229168766,0.010265592423400253,0.003175933132182112,-0.001348880096986654,-8822.3819065094,2.647774614250934
0.0,0.4,3,1.28519699465037,0.005092677387176883,0.011573045267046667,0.003378969912493145,-0.0017137074746837375,-8690.74294090271,2.598210774214342
0.0,0.4,4,1.28519699465037,0.004771728265582257,0.011637817858597197,0.003183135351905677,-0.0015885929136765804,-8888.300821304321,2.61784017893353
0.0,0.6,1,1.28519699465037,0.004337312722473639,0.008783058424657639,0.0029675769045606542,-0.0013697358179129856,-8887.128240585327,2.677435277939781
0.0,0.6,2,1.5707963267948966,0.004153044326292383,0.01099511714497298,0.0024862170739592864,-0.0016668272523330963,-8690.337718963623,2.6553605546194734
0.0,0.6,3,1.28519699465037,0.0047607919576081875,0.011000768126606057,0.00313360391189279,-0.0016271880457153973,-8776.973733901978,2.6198943771393712
0.0,0.6,4,1.28519699465037,0.00509501873686579,0.013383981880722817,0.003237624027744773,-0.0018573947091210172,-8919.928981781006,2.589648900747825
0.0,0.7,1,1.28519699465037,0.004299845487742237,0.007804148248942,0.0028741989510976795,-0.0014256465366445576,-9039.81225013733,2.6868002617031297
0.0,0.7,2,1.28519699465037,0.00440429911055939,0.01054917127778393,0.0030892455050135076,-0.0013150536055458828,-8860.813432693481,2.66415154510924
0.0,0.7,3,1.28519699465037,0.004991589491381194,0.011652542130789765,0.003411336493858483,-0.001580252997522711,-8749.710844039917,2.611108542869279
0.0,0.7,4,1.28519699465037,0.0046284160497328045,0.013756608853972185,0.0031560553424446252,-0.001472360707288179,-8785.095230102539,2.612197853674463
0.0,0.85,1,1.28519699465037,0.004473226181885862,0.007943284221028694,0.0029621410667396266,-0.001511085115146235,-9073.429636001589,2.6749233993298933
0.0,0.85,2,1.28519699465037,0.004389485939645889,0.010578223659638036,0.002929288726166716,-0.001460197213479173,-8896.130653381348,2.667873193182185
0.0,0.85,3,1.28519699465037,0.0044991202556052875,0.011005168041592746,0.0030696481937375927,-0.0014294720618676943,-8693.674835205078,2.613313451306774
0.0,0.85,4,1.28519699465037,0.0054434220529078195,0.012827154940986667,0.0034253425898219496,-0.00201807946308587,-8912.717412948608,2.5713327067650305
0.0,1.0,1,1.28519699465037,0.004361487344581211,0.007955068503197152,0.0029921646111071344,-0.001369322733474076,-8898.346647262573,2.684399713193183
0.0,1.0,2,1.28519699465037,0.004508529497315711,0.010464142920800822,0.003095229397110095,-0.0014133001002056159,-8846.001536369324,2.675779294463404
0.0,1.0,3,1.28519699465037,0.004836291146168974,0.011250625088798833,0.003136127876880313,-0.0017001632692886606,-8829.960035324097,2.6311145872349893
0.0,1.0,4,1.28519699465037,0.0048161168543484865,0.012931309114111045,0.003168947874342095,-0.0016471689800063916,-8883.806926727295,2.578952172994265
0.0,1.3,1,1.28519699465037,0.005053066385509984,0.009335420836534379,0.0033074389663751676,-0.0017456274191348167,-8964.503318786621,2.650984650865189
0.0,1.3,2,1.28519699465037,0.004708788181740638,0.011182899291656737,0.0030496629124511882,-0.0016591252692894497,-8867.678219795227,2.6628074840503566
0.0,1.3,3,1.28519699465037,0.004868239662319552,0.010692470885157072,0.003345934313467626,-0.0015223053488519261,-8732.268852233887,2.6256931418317397
0.0,1.3,4,1.28519699465037,0.005249011858772449,0.011051143543174503,0.00340075363536686,-0.0018482582234055883,-8885.99860572815,2.5990935371895647
0.1,0.4,1,1.28519699465037,0.004820449498438052,0.009558005065057041,0.0033275075836416033,-0.0014929419147964487,-8907.184167861938,2.67562678405194
0.1,0.4,2,1.5707963267948966,0.004291439778950409,0.009617247572050241,0.00247077282717433,-0.001820666951776079,-8879.014684677124,2.644010638401669
0.1,0.4,3,1.28519699465037,0.004296610650530231,0.011678619908034893,0.0029529825102685963,-0.0013436281402616356,-8825.474851608276,2.606367389349778
0.1,0.4,4,1.28519699465037,0.004899492417584295,0.011544132266622282,0.003296369402137156,-0.0016031230154471398,-8890.609035491943,2.5621368999098126
0.1,0.6,1,1.28519699465037,0.004714147374881969,0.008754655895839538,0.00323255842344746,-0.0014815889514345091,-8898.878650665283,2.699367960986164
0.1,0.6,2,1.28519699465037,0.004830345246754596,0.010114526999975353,0.0030457925386691564,-0.0017845527080854393,-8844.248847961426,2.6679676667586443
0.1,0.6,3,1.28519699465037,0.004403980447540228,0.011041120107572827,0.002964846102609591,-0.0014391343449306367,-8836.560737609863,2.619305747786866
0.1,0.6,4,1.5707963267948966,0.004340285451739801,0.012551531444015255,0.0025087889381997268,-0.0018314965135400741,-8825.946599960327,2.567443657937456
0.1,0.7,1,1.28519699465037,0.005574021187159218,0.00879942525797708,0.0038405941976271674,-0.0017334269895320509,-8967.897883415222,2.712839432012429
0.1,0.7,2,1.28519699465037,0.0044273330514474464,0.009099011026609732,0.0031024861098972096,-0.0013248469415502366,-8792.256420135498,2.628283110716016
0.1,0.7,3,1.28519699465037,0.004272539832123747,0.010793240661821336,0.003110404228683617,-0.00116213560344013,-8800.229354858398,2.6346004680501096
0.1,0.7,4,1.28519699465037,0.0048102735982462775,0.012918665366725503,0.003154307349381516,-0.0016559662488647609,-9011.6928024292,2.5725819527560394
0.1,0.85,1,1.28519699465037,0.004711373057777163,0.00866310866710178,0.0033019331392942853,-0.0014094399184828772,-8922.040672302246,2.7090556047030785
0.1,0.85,2,1.28519699465037,0.005932284182071923,0.009801967839828247,0.003805715317086555,-0.002126568864985368,-8960.966358184814,2.6347271949440776
0.1,0.85,3,1.28519699465037,0.004292000130831348,0.010758445801090059,0.0031094915235961853,-0.0011825086072351624,-8820.692070007324,2.6368881432698923
0.1,0.85,4,1.28519699465037,0.0042781627496334415,0.012297505648677525,0.0028728177019659196,-0.0014053450476675222,-8880.672256469727,2.575249796749942
0.1,1.0,1,1.28519699465037,0.004229462287409332,0.009306368000054355,0.002968974535862495,-0.0012604877515468367,-8835.447118759155,2.710291523180944
0.1,1.0,2,1.28519699465037,0.005138641046518958,0.010011976478175644,0.0034225784764807775,-0.0017160625700381807,-8910.030822753906,2.6360623584223677
0.1,1.0,3,0.9995976625058433,0.004205428240010652,0.010379044893852635,0.004692633626273618,0.0004872053862629663,-8796.11505317688,2.625743228855915
0.1,1.0,4,1.28519699465037,0.0047724713634760526,0.01458696597570224,0.0030289591092346226,-0.0017435122542414298,-8924.889665603638,2.57069027673729
0.1,1.3,1,1.28519699465037,0.004667052457445449,0.009087540958846337,0.003297775827611129,-0.0013692766298343203,-8927.504638671875,2.673814874351047
0.1,1.3,2,1.28519699465037,0.004971057804601061,0.008085255576628283,0.0031059907842935506,-0.0018650670203075106,-9068.795106887816,2.632376973436162
0.1,1.3,3,1.28519699465037,0.00450066177333751,0.011433863841162637,0.003071458846634025,-0.001429202926703485,-8792.731481552124,2.628913487739021
0.1,1.3,4,1.28519699465037,0.004507021746105416,0.01123876259786936,0.002963797607653746,-0.0015432241384516698,-8760.90271949768,2.565640544170089
0.2,0.4,1,1.28519699465037,0.005371366293509533,0.009162685390347352,0.0035187281625488342,-0.0018526381309606995,-9035.576862335203,2.6462493072040068
0.2,0.4,2,1.28519699465037,0.005103841557791491,0.010629591341482095,0.0034463606000933915,-0.0016574809576981,-8936.24359703064,2.636819904623672
0.2,0.4,3,1.28519699465037,0.005109314439451842,0.011721679240577734,0.003419140744176668,-0.0016901736952751746,-8824.890356063843,2.622257349093775
0.2,0.4,4,1.28519699465037,0.004471449589332078,0.012820295557571092,0.002934462327240407,-0.0015369872620916703,-8903.705848693848,2.5920728719875683
0.2,0.6,1,1.28519699465037,0.005208737386174217,0.010196458032069351,0.0034982446442676945,-0.0017104927419065226,-9106.31211090088,2.638312987324306
0.2,0.6,2,1.28519699465037,0.005676232893361897,0.0100296635697831,0.003667140176493856,-0.002009092716868041,-8940.489212036133,2.6222165262991433
0.2,0.6,3,1.28519699465037,0.005707281968125677,0.011772171647545,0.0034782309037617934,-0.0022290510643638833,-8968.168212890625,2.6229673935001063
0.2,0.6,4,1.28519699465037,0.005344103288426778,0.012998356644820238,0.0034885014913674023,-0.0018556017970593759,-8987.37003326416,2.5926607798229
0.2,0.7,1,1.28519699465037,0.005625140759630304,0.010886351520239049,0.0034717436660581307,-0.0021533970935721726,-9101.913330078123,2.6569005807257886
0.2,0.7,2,1.28519699465037,0.005724061884890096,0.010849787615487194,0.0035833790282176017,-0.002140682856672494,-8959.434425354004,2.6356454401147307
0.2,0.7,3,1.28519699465037,0.005077492418815304,0.01142083027781803,0.0032872613031351416,-0.0017902311156801625,-9002.279712677002,2.6201330851432547
0.2,0.7,4,1.28519699465037,0.0044554873467973505,0.012919951642844842,0.003017546717925596,-0.0014379406288717548,-8801.34059715271,2.569950179788201
0.2,0.85,1,1.28519699465037,0.0053467318601391825,0.010388933630618966,0.0036484020670194016,-0.0016983297931197814,-9102.639032363892,2.6565820898490187
0.2,0.85,2,1.28519699465037,0.005651314887427377,0.009552334606715025,0.003589136850907758,-0.0020621780365196194,-8978.470600128174,2.645616568753474
0.2,0.85,3,1.28519699465037,0.005019020612498341,0.012635757272468106,0.0032906251397661775,-0.0017283954727321637,-8945.941305160522,2.6206739249665847
0.2,0.85,4,1.28519699465037,0.005104842731381572,0.012569623049588956,0.00326575059340029,-0.0018390921379812819,-9022.821771621704,2.601342002546965
0.2,1.0,1,1.28519699465037,0.005533515831702453,0.009751033360154584,0.0035612086229114487,-0.001972307208791004,-9078.262538909912,2.6436038545498586
0.2,1.0,2,1.28519699465037,0.005574582453412956,0.011277555839990138,0.003614377235377276,-0.0019602052180356802,-8936.614513397217,2.629075834500135
0.2,1.0,3,1.28519699465037,0.005697847633510233,0.011740382588875919,0.0036898314573226157,-0.002008016176187617,-8920.491868972778,2.6025450678503543
0.2,1.0,4,1.28519699465037,0.0045264702794019585,0.01387355798058566,0.0030623050108728096,-0.001464165268529149,-8874.818138122559,2.562822744852295
0.2,1.3,1,1.28519699465037,0.005933973324077754,0.00969046528139117,0.0036976173741920157,-0.002236355949885738,-9141.262475967407,2.65334926478163
0.2,1.3,2,1.28519699465037,0.00544464795136718,0.009417134720024586,0.0035728841430153644,-0.0018717638083518156,-8920.488788604736,2.619620325964137
0.2,1.3,3,1.28519699465037,0.0059485472490555785,0.01032877344383862,0.003931929570370779,-0.0020166176786848,-8929.957304000854,2.6236817243722346
0.2,1.3,4,1.28519699465037,0.004208015479553049,0.01313217899282445,0.002687843336804851,-0.0015201721427481976,-8951.26273727417,2.5798137472654163
0.3,0.4,1,1.28519699465037,0.0055632462601938,0.010167528812778945,0.0037036586905158262,-0.0018595875696779736,-9114.317558288574,2.635374381119213
0.3,0.4,2,1.28519699465037,0.005667524533135961,0.009372155984996241,0.0035455971800439114,-0.0021219273530920495,-8998.855875015259,2.6539026094900176
0.3,0.4,3,1.28519699465037,0.005518272414127512,0.010655353413429696,0.0037484302467693425,-0.0017698421673581696,-8972.24634361267,2.599325251363122
0.3,0.4,4,1.28519699465037,0.004666765494658663,0.013516204872109977,0.0030735973158367976,-0.0015931681788218647,-8983.128164291382,2.5696527879422666
0.3,0.6,1,1.28519699465037,0.005660062060439313,0.009357266415013792,0.0035730570758770604,-0.0020870049845622524,-9129.738954544067,2.644060482831967
0.3,0.6,2,1.28519699465037,0.005599046901083413,0.010380945077678056,0.0035394366600856155,-0.0020596102409977976,-9002.708602905273,2.662553609230746
0.3,0.6,3,1.28519699465037,0.005478422721697908,0.011879945058734883,0.0036648339712135403,-0.0018135887504843675,-8953.286365509033,2.6488663147902893
0.3,0.6,4,1.28519699465037,0.004787566506193411,0.013726569747509512,0.002997071960050235,-0.001790494546143176,-8959.332098007202,2.5883278238954217
0.3,0.7,1,1.28519699465037,0.005952653300530022,0.011266402956522988,0.0038409623249760065,-0.002111690975554016,-9102.842281341553,2.625868758450756
0.3,0.7,2,1.28519699465037,0.005464408462684894,0.009038178899115495,0.0035428620384503756,-0.0019215464242345187,-8948.992029190063,2.629349691780774
0.3,0.7,3,0.9995976625058433,0.0056409531792777495,0.011622969958447393,0.0054572916230012074,-0.00018366155627654217,-9004.762212753296,2.638656320096421
0.3,0.7,4,1.28519699465037,0.005427163744143271,0.014103783887666088,0.0035827795264069874,-0.0018443842177362838,-8987.260257720947,2.588892428206675
0.3,0.85,1,1.28519699465037,0.005267290988740908,0.008892407903134685,0.003358419223279624,-0.0019088717654612835,-9140.202095031738,2.6606251545563273
0.3,0.85,2,1.28519699465037,0.006014507919752877,0.010200107184314825,0.003926691278675459,-0.0020878166410774183,-8907.593719482422,2.6408926623808044
0.3,0.85,3,0.9995976625058433,0.00521073306941264,0.011889808655139607,0.005096945221802186,-0.00011378784761045371,-9029.44012451172,2.6348530367478022
0.3,0.85,4,0.7139983303613167,0.004877502942009223,0.014879465558817931,0.014879465558817931,0.010001962616808708,-8935.156763076782,2.613367024089191
0.3,1.0,1,1.28519699465037,0.005749072544199323,0.010092041997276277,0.0037172602269741756,-0.0020318123172251472,-9048.27653503418,2.651960465729658
0.3,1.0,2,1.28519699465037,0.006009382171968139,0.010186377670513402,0.003623818028544493,-0.002385564143423646,-9140.181457519531,2.6317141167012648
0.3,1.0,3,1.28519699465037,0.005197526102587722,0.01039933268500298,0.003529695944147089,-0.0016678301584406336,-8832.27162361145,2.631175045178738
0.3,1.0,4,0.9995976625058433,0.004924424479209766,0.014625810321899146,0.0049473886752136155,2.296419600384936e-05,-8986.456287384033,2.602013589581313
0.3,1.3,1,1.28519699465037,0.005129141030613885,0.009164172295346305,0.0033084285504578516,-0.0018207124801560334,-9085.656314849854,2.6645737380694485
0.3,1.3,2,1.28519699465037,0.005902556946941933,0.009072125409653083,0.003810781369867248,-0.002091775577074685,-9076.355211257936,2.6661627750528947
0.3,1.3,3,0.9995976625058433,0.005593644754859599,0.011293822326273845,0.005281553098736295,-0.0003120916561233047,-9029.577836990356,2.6456585749641057
0.3,1.3,4,1.28519699465037,0.005040081716574083,0.013867606832231738,0.0033415259609768503,-0.0016985557555972326,-8999.207918167114,2.593108836481034
0.4,0.4,1,1.28519699465037,0.005901870735335834,0.011642153931467655,0.0038012549448819496,-0.0021006157904538843,-9120.375991821287,2.643328183379498
0.4,0.4,2,1.28519699465037,0.005920820780710741,0.00837986263521651,0.0037169123278641336,-0.002203908452846607,-9163.772653579712,2.652200210230246
0.4,0.4,3,0.9995976625058433,0.006800284834269618,0.01122065134278144,0.005891670178084032,-0.0009086146561855865,-9054.855590820312,2.6456967378287075
0.4,0.4,4,0.7139983303613167,0.00633831463184311,0.014909157881080447,0.014909157881080447,0.008570843249237337,-8986.963605880737,2.5758764960091765
0.4,0.6,1,1.28519699465037,0.005911048342896531,0.010876574420756869,0.0037367583557313374,-0.002174289987165194,-9041.830846309662,2.640041242186924
0.4,0.6,2,1.28519699465037,0.0061301425363569405,0.00917570450137225,0.00394573677576743,-0.00218440576058951,-9172.963390350342,2.645362007919248
0.4,0.6,3,0.7139983303613167,0.006596668393735681,0.011400242641730368,0.011400242641730368,0.004803574247994687,-8885.49054145813,2.6537837144383767
0.4,0.6,4,0.7139983303613167,0.0056765461669005274,0.013856673177676642,0.013856673177676642,0.008180127010776115,-8960.691762924194,2.580986808267518
0.4,0.7,1,1.28519699465037,0.00588120471002334,0.01118506063198511,0.0037479727383137977,-0.0021332319717095416,-9026.854459762571,2.638684249595601
0.4,0.7,2,1.28519699465037,0.006175103404297525,0.008820197655381449,0.004071450374538243,-0.0021036530297592814,-9062.001249313354,2.647035583741044
0.4,0.7,3,0.9995976625058433,0.006696994674577885,0.010979461159005754,0.006276036943508886,-0.0004209577310689992,-9063.512786865234,2.6624193166329966
0.4,0.7,4,0.7139983303613167,0.00604472782169084,0.01341842943848492,0.01341842943848492,0.007373701616794079,-9020.043508529665,2.5784730484855123
0.4,0.85,1,1.28519699465037,0.005780137252053192,0.01055068657808736,0.003751905615403582,-0.00202823163664961,-8988.125915527344,2.6493430566185787
0.4,0.85,2,1.28519699465037,0.006357690435485703,0.008483031067611967,0.004183151533561753,-0.0021745389019239498,-9062.88296508789,2.636329548513409
0.4,0.85,3,0.7139983303613167,0.007349986500384183,0.011360530201867301,0.011360530201867301,0.004010543701483118,-9165.83882713318,2.673719733049677
0.4,0.85,4,0.7139983303613167,0.006805544641981479,0.015126909272589894,0.015126909272589894,0.008321364630608416,-9102.557804107666,2.5828277376555864
0.4,1.0,1,1.28519699465037,0.006258870658647359,0.010976782910898833,0.004002800799255942,-0.0022560698593914173,-9090.61010169983,2.668257583041638
0.4,1.0,2,1.28519699465037,0.0060453313794108735,0.010652873056497699,0.0038995970278187034,-0.0021457343515921706,-9104.365158081057,2.6614564141608508
0.4,1.0,3,0.9995976625058433,0.005922595767312947,0.010473232880532793,0.005477665130790575,-0.0004449306365223715,-9048.136196136476,2.64535895374622
0.4,1.0,4,0.7139983303613167,0.006107645639352241,0.014121711973080726,0.014121711973080726,0.008014066333728484,-9137.45937347412,2.588361827457226
0.4,1.3,1,1.28519699465037,0.006391173200773322,0.01080182881418738,0.00389083459899988,-0.002500338601773442,-9198.92943572998,2.6346893393660755
0.4,1.3,2,0.9995976625058433,0.005828467146841979,0.008875213119456559,0.0053036098383414595,-0.0005248573085005197,-9166.29405784607,2.6564362645918504
0.4,1.3,3,0.7139983303613167,0.007500738897757405,0.012822089305098788,0.012822089305098788,0.005321350407341384,-9190.965633392334,2.6512397396475293
0.4,1.3,4,0.7139983303613167,0.006149262650212215,0.014008848761010476,0.014008848761010476,0.007859586110798261,-9078.56734085083,2.57717678283603
0.5,0.4,1,1.28519699465037,0.007711310651217096,0.01196690248922856,0.004594556025669069,-0.003116754625548027,-9270.418231964111,2.6614654037938874
0.5,0.4,2,0.9995976625058433,0.006587929332573735,0.011878494881590245,0.0055311905286144275,-0.0010567388039593073,-9283.484943389893,2.65626011898344
0.5,0.4,3,0.9995976625058433,0.008346681605828491,0.014121107006856579,0.006781986029757001,-0.001564695576071491,-9131.83039855957,2.6394658473957433
0.5,0.4,4,0.7139983303613167,0.007412941682415146,0.015703898996007243,0.015703898996007243,0.008290957313592097,-9113.74967956543,2.598960086808086
0.5,0.6,1,1.28519699465037,0.0073398153849659475,0.012693064354223696,0.0044840288258436115,-0.0028557865591223365,-9366.603157043455,2.67050184732
0.5,0.6,2,0.7139983303613167,0.006532219777526913,0.011623347091563421,0.011623347091563421,0.005091127314036508,-9274.710725784302,2.6386366912222936
0.5,0.6,3,0.7139983303613167,0.008078046677190653,0.014176758514432924,0.014176758514432924,0.006098711837242272,-9260.834400177002,2.6425482038690413
0.5,0.6,4,0.7139983303613167,0.009094263521150071,0.016625404804592216,0.016625404804592216,0.007531141283442145,-9157.062051773071,2.60265030329688
0.5,0.7,1,1.28519699465037,0.006899806951695909,0.01196422167815078,0.004295825740483634,-0.0026039812112122755,-9208.3643283844,2.6574311277992644
0.5,0.7,2,0.9995976625058433,0.006704035652710328,0.011130717361387269,0.005942695664006174,-0.000761339988704154,-9190.685716629028,2.65453405837682
0.5,0.7,3,0.9995976625058433,0.007497241988486341,0.013552591008950565,0.006001537384081711,-0.0014957046044046297,-9188.361644744871,2.633676059161572
0.5,0.7,4,0.7139983303613167,0.007335863561859685,0.015594265687592559,0.015594265687592559,0.008258402125732874,-9171.025394439695,2.5899719324448935
0.5,0.85,1,1.28519699465037,0.0067754654366636215,0.012928923123615719,0.004133134048238851,-0.00264233138842477,-9343.917360305786,2.6699961666395797
0.5,0.85,2,0.9995976625058433,0.006792195609586189,0.011150106887917673,0.005890408263590658,-0.0009017873459955311,-9266.335998535156,2.6403079432891747
0.5,0.85,3,0.9995976625058433,0.0076384436320773175,0.013191241946380342,0.006416183915207272,-0.001222259716870046,-9100.825080871582,2.6696890642935234
0.5,0.85,4,0.7139983303613167,0.008549503771916989,0.016402609395672205,0.016402609395672205,0.007853105623755217,-9151.140928268433,2.615185842477249
0.5,1.0,1,1.28519699465037,0.006658424247637217,0.01045196237262228,0.004213562427128321,-0.0024448618205088956,-9215.408906936646,2.6661207365971324
0.5,1.0,2,0.7139983303613167,0.006685720899160491,0.012222536061989916,0.012222536061989916,0.005536815162829425,-9089.412784576416,2.6412151763779637
0.5,1.0,3,0.9995976625058433,0.008969110817987451,0.01430427457364536,0.006744557726806964,-0.0022245530911804874,-9192.34467124939,2.660322886618615
0.5,1.0,4,0.7139983303613167,0.007767887589547976,0.0150027247382329,0.0150027247382329,0.007234837148684925,-9181.88674736023,2.584383397807914
0.5,1.3,1,1.28519699465037,0.007423930026188412,0.010668988757906766,0.00449091959124062,-0.002933010434947792,-9258.557891845703,2.643138551837342
0.5,1.3,2,0.9995976625058433,0.0067428113948058395,0.011278423177493124,0.006110041365920955,-0.0006327700288848843,-9255.387512207031,2.6531210838923234
0.5,1.3,3,0.9995976625058433,0.007611851788251656,0.013489623165730425,0.006158674212526893,-0.0014531775757247634,-9189.322666168213,2.6572120344050156
0.5,1.3,4,0.7139983303613167,0.008479440112006735,0.016785860801496483,0.016785860801496483,0.008306420689489748,-9319.69174003601,2.5842759212348776
0.6,0.4,1,0.9995976625058433,0.00718972865680355,0.013321177086215382,0.005401290676545123,-0.0017884379802584264,-9340.45368862152,2.6567044713668664
0.6,0.4,2,0.9995976625058433,0.008293977076069563,0.011845454951859931,0.0069686170474055065,-0.0013253600286640562,-9445.249252319336,2.6533160498386774
0.6,0.4,3,0.7139983303613167,0.009706125901823997,0.015001140332079665,0.015001140332079665,0.005295014430255668,-9398.505323410034,2.629112676429098
0.6,0.4,4,0.7139983303613167,0.009719461802948385,0.016758579308504117,0.016758579308504117,0.007039117505555732,-9257.905986785889,2.600861907560908
0.6,0.6,1,1.28519699465037,0.007829390610405638,0.012095305617298241,0.004618844395760239,-0.003210546214645399,-9434.061443328856,2.6670467330643186
0.6,0.6,2,0.9995976625058433,0.008109546097973926,0.010706239697818316,0.007572009653864424,-0.0005375364441095022,-9170.030200958252,2.6281241548191576
0.6,0.6,3,0.7139983303613167,0.010290760029510956,0.01568741518766368,0.01568741518766368,0.005396655158152725,-9334.785999298096,2.635422437781392
0.6,0.6,4,0.7139983303613167,0.011367803073684558,0.01819104644268476,0.01819104644268476,0.0068232433690002025,-9412.495365142822,2.6132678426366462
0.6,0.7,1,0.9995976625058433,0.007400505767346271,0.01141407387329681,0.005797514636321814,-0.0016029911310244567,-9397.361597061155,2.6563010724090304
0.6,0.7,2,0.7139983303613167,0.008091084395617966,0.011553273988788467,0.011553273988788467,0.003462189593170502,-9336.986114501951,2.6487288131064304
0.6,0.7,3,0.7139983303613167,0.008512462387680702,0.013267122191994968,0.013267122191994968,0.004754659804314267,-9268.308912277222,2.6437966251836125
0.6,0.7,4,0.7139983303613167,0.010353149614354044,0.016988600864463743,0.016988600864463743,0.006635451250109699,-9263.455057144163,2.589663188736173
0.6,0.85,1,0.9995976625058433,0.007498245046843288,0.013157443049049134,0.005597939498213805,-0.001900305548629483,-9357.04804801941,2.6699743819547823
0.6,0.85,2,0.9995976625058433,0.00823403288354912,0.01062409910157595,0.006856304590001852,-0.0013777282935472674,-9413.790767669678,2.6248207787537825
0.6,0.85,3,0.7139983303613167,0.010513270457266825,0.015568079592063966,0.015568079592063966,0.005054809134797141,-9211.235782623293,2.6444869874212733
0.6,0.85,4,0.7139983303613167,0.010319486699524068,0.015966284377084174,0.015966284377084174,0.0056467976775601055,-9336.148839950562,2.5984264030945536
0.6,1.0,1,1.28519699465037,0.00784050130534447,0.013192402901408384,0.004680473718360533,-0.0031600275869839377,-9339.318412780762,2.658031954735761
0.6,1.0,2,0.9995976625058433,0.008199315867799506,0.01116887163100297,0.007320547237729948,-0.0008787686300695581,-9244.1250333786,2.6202839467404906
0.6,1.0,3,0.7139983303613167,0.010312907906304975,0.015649000806458875,0.015649000806458875,0.005336092900153901,-9435.69577217102,2.653189525014387
0.6,1.0,4,0.7139983303613167,0.011093888218720233,0.017419996289761874,0.017419996289761874,0.006326108071041642,-9291.879266738892,2.5870054971252605
0.6,1.3,1,0.9995976625058433,0.007184281329902772,0.013221689011185261,0.005608862481876126,-0.0015754188480266457,-9223.252405166626,2.671585908332382
0.6,1.3,2,0.7139983303613167,0.008372527180555363,0.01306097031990765,0.01306097031990765,0.004688443139352286,-9337.750650405884,2.6563586780441892
0.6,1.3,3,0.7139983303613167,0.010520333141775405,0.015609735960840126,0.015609735960840126,0.00508940281906472,-9282.509435653688,2.6379853904431005
0.6,1.3,4,0.7139983303613167,0.01019165866011038,0.016487294772235275,0.016487294772235275,0.006295636112124895,-9350.835800170898,2.6005098187686833
0.7,0.4,1,0.9995976625058433,0.00971868551970322,0.012528571019447876,0.007038819239062424,-0.0026798662806407957,-9586.551162719728,2.666139723235442
0.7,0.4,2,0.9995976625058433,0.009486105931495684,0.012411518397186521,0.007018551236621798,-0.002467554694873886,-9532.092157363892,2.6411767743681733
0.7,0.4,3,0.7139983303613167,0.01251475267900009,0.01719297158371334,0.01719297158371334,0.004678218904713251,-9457.23083114624,2.6261081791424954
0.7,0.4,4,0.7139983303613167,0.012770335776260522,0.017580082054555,0.017580082054555,0.004809746278294478,-9493.46702003479,2.563085017905353
0.7,0.6,1,0.9995976625058433,0.009173970291725075,0.01288797118606631,0.006733469299894873,-0.0024405009918302017,-9469.116989135742,2.6628291715207046
0.7,0.6,2,0.9995976625058433,0.0091868497738077,0.011727894162621847,0.007044020883633238,-0.0021428288901744618,-9458.231296539308,2.6163774845157883
0.7,0.6,3,0.7139983303613167,0.013450199844693748,0.016589221573131026,0.016589221573131026,0.003139021728437279,-9592.55937576294,2.6331024310011393
0.7,0.6,4,0.7139983303613167,0.013549967496426084,0.017745794013730016,0.017745794013730016,0.004195826517303931,-9373.20574760437,2.556263427500679
0.7,0.7,1,0.9995976625058433,0.0109667937436728,0.011271148786849575,0.007825965660080541,-0.003140828083592259,-9602.305995941162,2.684637160901125
0.7,0.7,2,0.9995976625058433,0.010324178290045045,0.01204841135654979,0.008044986427263413,-0.002279191862781632,-9474.882633209229,2.6229915025958244
0.7,0.7,3,0.7139983303613167,0.013233022128128364,0.017312109136232212,0.017312109136232212,0.004079087008103848,-9513.362365722656,2.6495870220625397
0.7,0.7,4,0.7139983303613167,0.013468922876092925,0.01690791983334352,0.01690791983334352,0.0034389969572505936,-9542.555484771729,2.554492323519478
0.7,0.85,1,0.9995976625058433,0.009764374986776053,0.011692172599667547,0.006781311322853005,-0.0029830636639230487,-9610.252918243408,2.641341354816668
0.7,0.85,2,0.9995976625058433,0.010056114803593414,0.011023237073758574,0.007681263006976749,-0.0023748517966166653,-9486.726839065552,2.6283437630341826
0.7,0.85,3,0.7139983303613167,0.010716172944484135,0.014975261505455261,0.014975261505455261,0.004259088560971127,-9546.22134399414,2.625265493050585
0.7,0.85,4,0.7139983303613167,0.01225447872296949,0.017330510487177687,0.017330510487177687,0.005076031764208197,-9400.364782333374,2.5831041593120574
0.7,1.0,1,0.9995976625058433,0.008678195732842793,0.013689090408663262,0.006021106671309762,-0.0026570890615330313,-9457.9516582489,2.704686755464026
0.7,1.0,2,0.7139983303613167,0.009884498027134935,0.012028781391712479,0.012028781391712479,0.0021442833645775447,-9505.25768661499,2.6393297327163423
0.7,1.0,3,0.7139983303613167,0.013829310565760929,0.017279482976722986,0.017279482976722986,0.0034501724109620583,-9582.295263290403,2.629989587549041
0.7,1.0,4,0.7139983303613167,0.01153661487113039,0.015737628578732184,0.015737628578732184,0.004201013707601792,-9501.20894241333,2.58336206596006
0.7,1.3,1,0.9995976625058433,0.010714989376633274,0.011902778772121944,0.007340181812597263,-0.0033748075640360115,-9546.72777080536,2.676623461007676
0.7,1.3,2,0.9995976625058433,0.009974850144400988,0.012088847714149037,0.0077615039828868235,-0.002213346161514165,-9447.283912658691,2.6018840876615386
0.7,1.3,3,0.7139983303613167,0.012411390024184924,0.015477196489643038,0.015477196489643038,0.003065806465458114,-9543.735898971558,2.604329222474407
0.7,1.3,4,0.7139983303613167,0.013397877317159421,0.01728743018143141,0.01728743018143141,0.0038895528642719905,-9453.457412719728,2.587174332092623
0.8,0.4,1,0.9995976625058433,0.011196511639826937,0.014625551029696315,0.007378084759439747,-0.003818426880387189,-9632.498039245604,2.7135028466129927
0.8,0.4,2,0.7139983303613167,0.011891450198413473,0.013721943489726557,0.013721943489726557,0.0018304932913130842,-9495.97325706482,2.6137418762120506
0.8,0.4,3,0.7139983303613167,0.016144632286261562,0.017162119976440404,0.017162119976440404,0.001017487690178842,-9712.333709716797,2.6398531270891046
0.8,0.4,4,0.7139983303613167,0.01295684169901647,0.018458681911512533,0.018458681911512533,0.0055018402124960624,-9469.090304851532,2.582206249614918
0.8,0.6,1,0.9995976625058433,0.009469255371451608,0.012473956814770518,0.006691526923592357,-0.002777728447859251,-9452.390382766724,2.680281653575077
0.8,0.6,2,0.9995976625058433,0.012463765182166164,0.012281468942301702,0.008909987183577574,-0.00355377799858859,-9607.74400138855,2.624703950436222
0.8,0.6,3,0.7139983303613167,0.015906992615349794,0.017695430526296428,0.017695430526296428,0.0017884379109466327,-9713.578601837158,2.6395676011972293
0.8,0.6,4,0.7139983303613167,0.015590896916149169,0.018524889981159313,0.018524889981159313,0.0029339930650101437,-9544.321367263794,2.6090173508190087
0.8,0.7,1,0.9995976625058433,0.01152430137787723,0.011709801876458752,0.007803162850900776,-0.0037211385269764552,-9598.48484992981,2.6587383770389224
0.8,0.7,2,0.9995976625058433,0.011869741302251192,0.013023836842538905,0.009007725878908926,-0.002862015423342267,-9481.712297439575,2.618827023665779
0.8,0.7,3,0.7139983303613167,0.015078212840774128,0.0182529647204275,0.0182529647204275,0.003174751879653372,-9613.220823287964,2.626987619626061
0.8,0.7,4,0.7139983303613167,0.0147379570623628,0.019067277098382133,0.019067277098382133,0.004329320036019333,-9524.784816741943,2.5923686226856697
0.8,0.85,1,0.9995976625058433,0.011775230593710356,0.013874951097589927,0.007876166896579644,-0.003899063697130712,-9685.90711593628,2.6851486437020773
0.8,0.85,2,0.7139983303613167,0.012157229754655705,0.01412050887444804,0.01412050887444804,0.0019632791197923367,-9559.318758010864,2.619595820151124
0.8,0.85,3,0.7139983303613167,0.013130021068075058,0.01738931220876533,0.01738931220876533,0.00425929114069027,-9476.12635231018,2.6673880435421995
0.8,0.85,4,0.7139983303613167,0.017894717912595545,0.021481691870492165,0.021481691870492165,0.003586973957896619,-9609.52258682251,2.594146433381797
0.8,1.0,1,0.9995976625058433,0.013157980600569018,0.014125303098163556,0.00853209477510969,-0.004625885825459328,-9673.822801589966,2.6674270684735593
0.8,1.0,2,0.9995976625058433,0.011966443249787635,0.013365648353877591,0.008529256902943264,-0.003437186346844372,-9613.906909942629,2.6080163017092213
0.8,1.0,3,0.7139983303613167,0.013624517681949798,0.016442049069777295,0.016442049069777295,0.0028175313878274965,-9603.43625831604,2.6433472477395705
0.8,1.0,4,0.7139983303613167,0.016297739238145904,0.020337092681068557,0.020337092681068557,0.004039353442922653,-9600.625051498411,2.603907050576302
0.8,1.3,1,0.9995976625058433,0.011129945779896535,0.012781740618141094,0.00737083203292777,-0.0037591137469687647,-9555.46180152893,2.690004595967884
0.8,1.3,2,0.9995976625058433,0.012645363375552405,0.012554773193945462,0.008806849312389177,-0.0038385140631632267,-9667.639568328856,2.608699598154447
0.8,1.3,3,0.7139983303613167,0.017375411336896275,0.01846041030251015,0.01846041030251015,0.0010849989656138742,-9682.640951156616,2.6127613128433276
0.8,1.3,4,0.7139983303613167,0.014976239451515456,0.01865316277574043,0.01865316277574043,0.0036769233242249753,-9521.269252300262,2.593828468287109
0.9,0.4,1,0.9995976625058433,0.01402741597970386,0.014418241912919067,0.008748429733613918,-0.005278986246089941,-9827.071455001833,2.693431519458837
0.9,0.4,2,0.7139983303613167,0.016527915417168308,0.014543815277262714,0.014543815277262714,-0.001984100139905592,-9788.015436172484,2.6226908574520653
0.9,0.4,3,0.7139983303613167,0.020284897315335396,0.02180476795040536,0.02180476795040536,0.001519870635069966,-9762.07150554657,2.6299617586083124
0.9,0.4,4,0.7139983303613167,0.021487812846231857,0.023922564392713907,0.023922564392713907,0.00243475154648205,-9668.43018913269,2.636968014738299
0.9,0.6,1,0.9995976625058433,0.013956788120242454,0.014153604434269312,0.008647923438560436,-0.005308864681682018,-9788.202367782593,2.6907302761406733
0.9,0.6,2,0.7139983303613167,0.015689087613055822,0.0149488787298731,0.0149488787298731,-0.0007402088831827208,-9757.89049911499,2.613030620808339
0.9,0.6,3,0.7139983303613167,0.01866866118296444,0.020112757763588434,0.020112757763588434,0.0014440965806239944,-9619.063817977903,2.6398063842315223
0.9,0.6,4,0.7139983303613167,0.02001667098503586,0.020323222454254296,0.020323222454254296,0.0003065514692184359,-9738.773998260498,2.6171574045536032
0.9,0.7,1,0.9995976625058433,0.013912861605204434,0.014783077088056812,0.008716178467281425,-0.005196683137923009,-9752.957174301147,2.709464699358179
0.9,0.7,2,0.7139983303613167,0.017649780712011818,0.01816421255916047,0.01816421255916047,0.0005144318471486533,-9687.6159324646,2.5995556279511045
0.9,0.7,3,0.7139983303613167,0.020277823993349455,0.02196492490522099,0.02196492490522099,0.0016871009118715322,-9787.84019947052,2.620461773229174
0.9,0.7,4,0.7139983303613167,0.021585800109240376,0.022347315484800796,0.022347315484800796,0.0007615153755604213,-9644.794755935667,2.625120777503938
0.9,0.85,1,0.9995976625058433,0.013635902158655315,0.015263979033589609,0.008463549862402064,-0.005172352296253251,-9717.769933700562,2.690290198688979
0.9,0.85,2,0.7139983303613167,0.017407291636599497,0.01734291412043823,0.01734291412043823,-6.437751616126637e-05,-9737.30163383484,2.6244371883256647
0.9,0.85,3,0.7139983303613167,0.018377273302555022,0.019336753719217344,0.019336753719217344,0.00095948041666232,-9766.275376319883,2.660652486505785
0.9,0.85,4,0.7139983303613167,0.02283590780961252,0.021892107968205878,0.021892107968205878,-0.0009437998414066424,-9693.95569229126,2.6217886832557884
0.9,1.0,1,0.9995976625058433,0.014493151373423309,0.014345124496079248,0.009187887579369891,-0.005305263794053418,-9726.278503417969,2.695594130795494
0.9,1.0,2,0.7139983303613167,0.015097472441249397,0.01535740836101766,0.01535740836101766,0.000259935919768262,-9721.566915512083,2.6080892825569606
0.9,1.0,3,0.7139983303613167,0.019403210962150252,0.02133647442315479,0.02133647442315479,0.0019332634610045383,-9678.431199073792,2.6428213528463886
0.9,1.0,4,0.7139983303613167,0.025464896248278548,0.022579484293362335,0.022579484293362335,-0.0028854119549162134,-9976.95980644226,2.643353678807953
0.9,1.3,1,0.9995976625058433,0.014515230485333673,0.01657504792014301,0.009020924262469981,-0.005494306222863692,-9828.034330368042,2.7229408907428745
0.9,1.3,2,0.7139983303613167,0.016557461968025,0.015060850468624912,0.015060850468624912,-0.001496611499400088,-9767.749668121338,2.6633648857302465
0.9,1.3,3,0.7139983303613167,0.020023546975502605,0.021226461964304867,0.021226461964304867,0.001202914988802262,-9804.080039024351,2.6608556756961272
0.9,1.3,4,0.7139983303613167,0.022916591298549966,0.023445082919742826,0.023445082919742826,0.0005284916211928612,-9660.196102142334,2.5916979922328616
1.0,0.4,1,0.9995976625058433,0.017881608635215734,0.016845962846459096,0.010734352182203089,-0.007147256453012644,-9905.224487304688,2.6255570379541293
1.0,0.4,2,0.7139983303613167,0.025735082116889706,0.020856557670007925,0.020856557670007925,-0.0048785244468817785,-10163.486038208008,2.6152034125059496
1.0,0.4,3,0.7139983303613167,0.019149231257166378,0.0197360044358472,0.0197360044358472,0.000586773178680821,-9851.94902420044,2.6608815525117984
1.0,0.4,4,0.7139983303613167,0.01938042293032723,0.01855646966538873,0.01855646966538873,-0.0008239532649384996,-10171.374454498293,2.6948471852803006
1.0,0.6,1,0.9995976625058433,0.018113438764123274,0.018591111818455717,0.010821252238768165,-0.007292186525355108,-9836.042316436768,2.6423751120745984
1.0,0.6,2,0.7139983303613167,0.02391262848744108,0.01928044598262962,0.01928044598262962,-0.004632182504811459,-10113.527656555176,2.633855677831434
1.0,0.6,3,0.7139983303613167,0.01705514993475248,0.0194190803789182,0.0194190803789182,0.002363930444165722,-9789.189633369446,2.677293382554934
1.0,0.6,4,0.9995976625058433,0.01684969239363337,0.01666530991369165,0.010335670068809661,-0.006514022324823706,-9934.947874069214,2.7086460268011843
1.0,0.7,1,0.9995976625058433,0.017929948035376588,0.017767722914455976,0.010356522158068773,-0.007573425877307814,-9788.78737449646,2.653505270681752
1.0,0.7,2,0.7139983303613167,0.024380989639196726,0.018476900219449893,0.018476900219449893,-0.005904089419746832,-10138.829206466677,2.615955861712939
1.0,0.7,3,0.7139983303613167,0.018190223202870687,0.018634910498860572,0.018634910498860572,0.0004446872959898857,-9894.26157951355,2.66700659129396
1.0,0.7,4,0.9995976625058433,0.017400106069805278,0.0179248236882095,0.010313612286206201,-0.007086493783599076,-10040.355531692505,2.720336288043037
1.0,0.85,1,0.9995976625058433,0.018204510022374623,0.018272112035036193,0.011483347974055778,-0.0067211620483188465,-9763.593349456787,2.6318908557266303
1.0,0.85,2,0.7139983303613167,0.03282044281535168,0.02503741075338725,0.02503741075338725,-0.007783032061964429,-10331.12615776062,2.6394393703112216
1.0,0.85,3,0.9995976625058433,0.017453858553788282,0.018152350641099917,0.011783286044379311,-0.005670572509408971,-9737.524415969849,2.683597636784035
1.0,0.85,4,0.7139983303613167,0.01961861410659654,0.01882293786167581,0.01882293786167581,-0.0007956762449207332,-9978.73796081543,2.6861161490196355
1.0,1.0,1,0.9995976625058433,0.018588866824585396,0.01624408106691051,0.011350368037909822,-0.007238498786675573,-9906.414386749268,2.6674011623659335
1.0,1.0,2,0.7139983303613167,0.028820693661111944,0.022605423884080992,0.022605423884080992,-0.006215269777030952,-10146.04316520691,2.607703381408778
1.0,1.0,3,0.7139983303613167,0.020957649048334234,0.019482189764388758,0.019482189764388758,-0.0014754592839454773,-9826.464239120483,2.6707595945479765
1.0,1.0,4,0.7139983303613167,0.019370952468499042,0.019560620908800404,0.019560620908800404,0.00018966844030136288,-9952.274839401243,2.7047206665695054
1.0,1.3,1,0.9995976625058433,0.019277703826698127,0.01724482299088303,0.011512608025415491,-0.007765095801282637,-10006.044120788574,2.6714489145653935
1.0,1.3,2,0.7139983303613167,0.025285613609537638,0.0210380941888891,0.0210380941888891,-0.0042475194206485385,-10086.852615356443,2.6105016925315447
1.0,1.3,3,0.7139983303613167,0.021165488984643262,0.020671463324806787,0.020671463324806787,-0.0004940256598364765,-9879.856176376345,2.683868582270917
1.0,1.3,4,0.7139983303613167,0.01777851266668395,0.018112165386018352,0.018112165386018352,0.00033365271933440095,-10048.358180999756,2.6902566543712667
