L,kappa,seed,contrast,SAA,E
18.0,0.0,1,0.0024211899889101524,0.0023649337618291454,-24404.591690063477
18.0,0.0,2,0.0026200876913012204,0.0023599750021353815,-24678.878227233887
18.0,0.0,3,0.0028030671713958136,0.0014656770927052823,-24701.30558013916
18.0,0.0,4,0.002582392614002356,0.0013633014071839256,-24769.58073425293
18.0,0.3,1,0.0030068532633047455,0.0017718392216010469,-25091.60076904297
18.0,0.3,2,0.003149192435259487,0.002054788981378538,-24984.70442199707
18.0,0.3,3,0.003503247564628155,0.0018534376356432309,-25123.45906829834
18.0,0.3,4,0.0028498379907742114,0.0016111639285698442,-24641.41831207275
18.0,0.5,1,0.004009268590244886,0.0024161748091158135,-25466.557495117188
18.0,0.5,2,0.003502834520084757,0.002096246587300246,-25204.52590560913
18.0,0.5,3,0.004259546221053731,0.0022498366257175527,-25603.283409118652
18.0,0.5,4,0.003718559504942177,0.0022297271349059045,-25672.94303894043
18.0,0.7,1,0.005045040535905978,0.002824545660763054,-25736.51537322998
18.0,0.7,2,0.004845844343195096,0.0029551921595575388,-25998.561317443848
18.0,0.7,3,0.005794977761855028,0.003125358988534764,-26134.42571258545
18.0,0.7,4,0.0069542607266254546,0.003809585553963836,-26491.165504455566
18.0,0.9,1,0.008780083605676897,0.004635443268619049,-26387.943031311035
18.0,0.9,2,0.0067263203609691305,0.0043177385995386295,-26378.18287658691
18.0,0.9,3,0.007975282688922052,0.004408951626413868,-26636.13929748535
18.0,0.9,4,0.010498422456867228,0.0055308693136960265,-27092.75072479248
18.0,1.0,1,0.008886190544750674,0.00483495840149643,-26998.827667236328
18.0,1.0,2,0.011046375885916454,0.0058724648161297376,-27234.619018554688
18.0,1.0,3,0.010437772084735068,0.005970855664706567,-27444.602687835693
18.0,1.0,4,0.01040812783651925,0.005449489839665424,-27267.62760925293
20.0,0.0,1,0.0037083358640421665,0.004334480508924978,-23265.996910095215
20.0,0.0,2,0.0007207455111727563,0.030719090396084815,
20.0,0.0,3,0.0036344436355098503,0.004852854964722356,-23125.862663269043
20.0,0.0,4,0.003809783697694634,0.00518768021654487,-23123.620681762695
20.0,0.3,1,0.004082873689920766,0.00483096135781542,-23679.08303833008
20.0,0.3,2,0.0007248218040423818,0.030901348968373488,
20.0,0.3,3,0.004180351780609347,0.005866782946921576,-23325.33895111084
20.0,0.3,4,0.0038469182365501176,0.00676134620284501,-23607.019172668457
20.0,0.5,1,0.0050712215483207385,0.005737014082538372,-24271.833671569824
20.0,0.5,2,0.0019362410005944256,0.03253441914728031,
20.0,0.5,3,0.00805289024571644,0.00843436406974214,-24193.544326782227
20.0,0.5,4,0.004983784825792967,0.006407818907484361,-23928.71697998047
20.0,0.7,1,0.007748161475520175,0.005869943298092447,-24933.510971069336
20.0,0.7,2,0.0021834155360269634,0.03261079693769671,
20.0,0.7,3,0.009577961393493099,0.008444114452975203,-24734.71874523163
20.0,0.7,4,0.010934889215844809,0.00929717827697325,-24817.728981018063
20.0,0.9,1,0.010178006894771727,0.008220955031735413,-25548.10736846924
20.0,0.9,2,0.0022657880943643995,0.032900475873301874,
20.0,0.9,3,0.015357472005365197,0.011733566079072066,-25236.96883392334
20.0,0.9,4,0.01604197345889953,0.011895779434016252,-25367.382640838623
20.0,1.0,1,0.014806919555457798,0.010911619505781048,-26230.00356292725
20.0,1.0,2,0.01925127694180566,0.01182291578225043,-26463.52701663971
20.0,1.0,3,0.01723250503195855,0.012839652541621538,-26257.179721832275
20.0,1.0,4,0.016727355972214007,0.011448439367367362,-26721.036407470703
22.0,0.0,1,0.005091277855540136,0.007488009482702919,-22584.051120758057
22.0,0.0,2,0.004435413711549596,0.011524811397364257,-22243.54172515869
22.0,0.0,3,0.005016325924367836,0.010408097475099529,-22422.72617340088
22.0,0.0,4,0.004739470141699551,0.01450927763258437,-21997.744354248047
22.0,0.3,1,0.005369263005815715,0.01063169469773038,-22781.96381378174
22.0,0.3,2,0.0055721079570508515,0.01033205130196656,-22437.266204833984
22.0,0.3,3,0.005714606689385111,0.01191122517424883,-22941.15909576416
22.0,0.3,4,0.0051424380751020305,0.013487855897106002,-22647.27476119995
22.0,0.5,1,0.006955923242724395,0.013291364826544038,-23223.58923339844
22.0,0.5,2,0.007316660672062707,0.012253929129244804,-22898.848976135258
22.0,0.5,3,0.00884247496702651,0.013738841609998557,-23312.75629425049
22.0,0.5,4,0.007986297639934371,0.01633756407547924,-22924.165489196777
22.0,0.7,1,0.009357340575295452,0.012126576135716202,-24054.04190826416
22.0,0.7,2,0.011293607012146677,0.012001294098609902,-24079.65811920166
22.0,0.7,3,0.010545290572086261,0.015386585361764085,-23656.013507843018
22.0,0.7,4,0.01691522933575216,0.022841902977636906,-24222.02251625061
22.0,0.9,1,0.015732102808874042,0.01596370027398252,-25144.139656066895
22.0,0.9,2,0.016985314618856176,0.01734346754013125,-24778.869506835938
22.0,0.9,3,0.027643383667779506,0.025959620127919823,-25352.700839996334
22.0,0.9,4,0.023691262518238086,0.022614680319020152,-25007.136726379395
22.0,1.0,1,0.020400887595611213,0.018262861074403804,-25757.19239807129
22.0,1.0,2,0.02754976639542403,0.023380158030472522,-26023.688945770264
22.0,1.0,3,0.02096401210083201,0.01981163924327586,-25296.52143096924
22.0,1.0,4,0.017252258108008643,0.01777831888924782,-25454.066207885742
25.0,0.0,1,0.006786054112196766,0.026254885085966472,-21622.768409729004
25.0,0.0,2,0.006823251251166153,0.026482678398726527,-21281.766117095947
25.0,0.0,3,0.007007309011191027,0.0252593205862721,-21353.5630569458
25.0,0.0,4,0.007129162509493599,0.027715062144386425,-21233.681552886963
25.0,0.3,1,0.007841738491215087,0.029894192277184945,-21666.606231689453
25.0,0.3,2,0.007851238924482798,0.027390074782239388,-21525.519973754883
25.0,0.3,3,0.008038499867659837,0.015417356524706929,-22108.59782409668
25.0,0.3,4,0.007168531896683862,0.0318304145730534,-21667.90997314453
25.0,0.5,1,0.012090860155096857,0.02604353359939383,-22447.54304218292
25.0,0.5,2,0.010556499660853246,0.02875455139272535,-22310.136249542236
25.0,0.5,3,0.011067410184126183,0.02040298450253644,-22472.44333267212
25.0,0.5,4,0.008788667736202065,0.028773383402296508,-22157.158615112305
25.0,0.7,1,0.013300777817323008,0.031091906224702322,-23172.38914489746
25.0,0.7,2,0.015451602892433964,0.030527574689129634,-22840.448974132534
25.0,0.7,3,0.017896410728521536,0.024971587525134727,-23262.03576660156
25.0,0.7,4,0.016422348290942475,0.031436256543555315,-23020.975883483887
25.0,0.9,1,0.02498570159619215,0.032997619473006154,-23962.99522781372
25.0,0.9,2,0.02318286820889756,0.030672146380137856,-23853.96062850952
25.0,0.9,3,0.0255474034435463,0.03328653897147504,-24105.964458465576
25.0,0.9,4,0.02721363549099901,0.03450095142089273,-23979.043754577637
25.0,1.0,1,0.030977866347181637,0.040029826869664394,-24514.842361450195
25.0,1.0,2,0.04412962837581399,0.04467295219890979,-24837.90239906311
25.0,1.0,3,0.02878208789278219,0.03993175333714792,-24050.042419433594
25.0,1.0,4,0.028378191043091618,0.035598820134377276,-24472.93245315552
28.0,0.0,1,0.009730916547480603,0.05992849654344042,-20526.43260192871
28.0,0.0,2,0.009540041767848808,0.06428834349958812,-20701.018810272217
28.0,0.0,3,0.010837367774633587,0.04875007762925108,-20733.09747695923
28.0,0.0,4,0.010482943899290382,0.05804277854226112,-20803.226196289062
28.0,0.3,1,0.010723213609397562,0.060067481261441014,-20931.4305267334
28.0,0.3,2,0.012867046777514034,0.08675041424066761,-21440.48816680908
28.0,0.3,3,0.012811028124433443,0.05002940822738792,-21899.315349578857
28.0,0.3,4,0.01068786386399427,0.04645467042786895,-20613.849632263184
28.0,0.5,1,0.017963896180316536,0.0604698296652045,-21889.833614349365
28.0,0.5,2,0.014539285366612031,0.07407669123425685,-21500.370666503903
28.0,0.5,3,0.016593600147949666,0.04384156687333998,-21740.49087905884
28.0,0.5,4,0.01170242059891756,0.03862864975113071,-21705.67712402344
28.0,0.7,1,0.023629965779996792,0.051738314621787886,-22223.74563217163
28.0,0.7,2,0.023814511745656398,0.07464888187934333,-22322.496047973633
28.0,0.7,3,0.024613313048891236,0.04269141604829302,-23301.169256210327
28.0,0.7,4,0.01996524642051679,0.03855488383658897,-22250.725505828857
28.0,0.9,1,0.03571405175986543,0.06409346928253665,-23343.34994506836
28.0,0.9,2,0.035093025055655515,0.06123629415966888,-23506.12802505493
28.0,0.9,3,0.04438144911705025,0.05288701491820669,-24293.29264831543
28.0,0.9,4,0.027546896779271662,0.06412550203034274,-23364.884845733643
28.0,1.0,1,0.04765176110952036,0.06274193618432027,-24211.322959899902
28.0,1.0,2,0.052337597284081896,0.07066478643733645,-24167.890865325928
28.0,1.0,3,0.04947603750846247,0.07616008887576191,-23542.831226348877
28.0,1.0,4,0.04717712500709685,0.06354356944836387,-24224.148220062256
32.0,0.0,1,0.014778195383473282,0.05241527385158591,-20736.068801879883
32.0,0.0,2,0.014961831059970291,0.052775944131439725,-20444.023109436035
32.0,0.0,3,0.01749518366335777,0.03589265828064877,-21812.338466644287
32.0,0.0,4,0.014251714770714836,0.06202277900629989,-20566.5584526062
32.0,0.3,1,0.0170460578085203,0.05639849521182846,-20816.5587310791
32.0,0.3,2,0.01742362511025532,0.05334513583903118,-21056.554891586304
32.0,0.3,3,0.019482709884912464,0.05020760792819282,-21224.119567871097
32.0,0.3,4,0.01459163900056191,0.051350167942737536,-20718.51733016968
32.0,0.5,1,0.02273350819605846,0.06351609863709798,-21286.743377685547
32.0,0.5,2,0.025092560369227513,0.05110036867274461,-22120.693397521973
32.0,0.5,3,0.023237320590012246,0.05061545099714321,-21526.987371444706
32.0,0.5,4,0.020056712276960275,0.0662024914522702,-21136.746883392338
32.0,0.7,1,0.030521302556600495,0.0704161171656942,-21504.462928771973
32.0,0.7,2,0.03722591714882903,0.06748431755842142,-22674.251922607426
32.0,0.7,3,0.034187819564611095,0.07100174158451651,-21467.911918640137
32.0,0.7,4,0.031016430678829844,0.0760153294289079,-21760.97211837769
32.0,0.9,1,0.04851808792557674,0.07121148120312382,-23296.5728225708
32.0,0.9,2,0.05709317610527946,0.0759928315155841,-23541.160274505615
32.0,0.9,3,0.0607172435845069,0.08727386448674454,-23076.18133020401
32.0,0.9,4,0.05313925519807881,0.055792829447773126,-23136.506996154785
32.0,1.0,1,0.07471587938251542,0.07834609553169078,-23934.67523574829
32.0,1.0,2,0.08458191767136503,0.08872453058069052,-23303.68953704834
32.0,1.0,3,0.0731599661706155,0.07708183572033364,-23504.050331115723
32.0,1.0,4,0.05931575902834436,0.06019210108840931,-23774.089767456055
36.0,0.0,1,0.020778349755772783,0.14125651839009057,-20060.27416229248
36.0,0.0,2,0.022083022171998687,0.10418975163071638,-20655.31161880493
36.0,0.0,3,0.019690246948684056,0.12584226335883444,-19360.580631256104
36.0,0.0,4,0.02135894169311394,0.1304193754042619,-19641.64805984497
36.0,0.3,1,0.024566488860450507,0.11371756772005574,-19831.680252075195
36.0,0.3,2,0.02286311769104383,0.105091432330322,-20513.00213241577
36.0,0.3,3,0.023967892947860166,0.13234365097303719,-19696.839756011963
36.0,0.3,4,0.020290886992774784,0.1178340432306432,-20196.55442428589
36.0,0.5,1,0.03354066393696626,0.11308417941758675,-20953.09812927246
36.0,0.5,2,0.03144676532337299,0.12493425709974551,-20829.97914505005
36.0,0.5,3,0.029028399231073015,0.12572655289551485,-20030.236530303955
36.0,0.5,4,0.02883654336703593,0.13056784095536209,-20666.73971939087
36.0,0.7,1,0.04693804565669391,0.11954208679833053,-22175.819721221924
36.0,0.7,2,0.04486216670946564,0.12699876196883306,-21368.72184371948
36.0,0.7,3,0.05056518742684895,0.13927501473881412,-20879.07608795166
36.0,0.7,4,0.037230101271103475,0.10098763342319605,-21634.81681060791
36.0,0.9,1,0.09410321150428448,0.11935256816541842,-23236.47519493103
36.0,0.9,2,0.0804812207508607,0.14568212386234036,-22415.900665283203
36.0,0.9,3,0.07835398656085038,0.17241375229357875,-21692.41600990295
36.0,0.9,4,0.0603310759697923,0.12232539103759943,-21881.849880218502
36.0,1.0,1,0.09337571276968877,0.13296188076562135,-23363.331439971924
36.0,1.0,2,0.10097154738641206,0.1661473276566707,-22816.305946350098
36.0,1.0,3,0.07149251021614678,0.1382806859903962,-21862.5178232193
36.0,1.0,4,0.07080459487492968,0.10579551322243448,-22539.56799507141
