L,rho,kappa,eps,seed,contrast,SAA,k_star_c,E,Rg
22.0,0.540946656649136,0.0,0.005,1,0.00226489546159806,0.014987893375636427,1.28519699465037,-22865.597021102905,2.4585939108030908
22.0,0.540946656649136,0.0,0.005,2,0.0028915419512038506,0.015790762422209746,1.28519699465037,-22473.77226257324,2.494356963326653
22.0,0.540946656649136,0.0,0.005,3,0.002951177992556041,0.017861470978597933,1.28519699465037,-22415.007778167725,2.483997825018653
22.0,0.540946656649136,0.0,0.02,1,0.004347198766867115,0.010543119747519999,1.28519699465037,-21968.150199890137,2.6123773892140245
22.0,0.540946656649136,0.0,0.02,2,0.004181803038115051,0.013616924434693206,1.28519699465037,-21555.42364120483,2.5697572198912813
22.0,0.540946656649136,0.0,0.02,3,0.004206712861291366,0.012090701725651003,1.28519699465037,-21724.97077178955,2.566793103338927
22.0,0.540946656649136,0.0,0.05,1,0.004985418876626425,0.007230646064966496,1.28519699465037,-22394.655632019043,2.64167987072728
22.0,0.540946656649136,0.0,0.05,2,0.005134887531208589,0.012145421634874852,1.28519699465037,-21803.872314453125,2.624508874547936
22.0,0.540946656649136,0.0,0.05,3,0.004535805828672154,0.011343358793899949,1.5707963267948966,-21974.182174682617,2.6004960831110093
22.0,0.540946656649136,0.0,0.1,1,0.005222558828824744,0.008131785241109437,1.28519699465037,-22566.2619972229,2.6747404562485064
22.0,0.540946656649136,0.0,0.1,2,0.005029449282698474,0.010927421170443088,1.28519699465037,-22436.08388900757,2.62262346176122
22.0,0.540946656649136,0.0,0.1,3,0.004655515349460248,0.011270871454998457,1.28519699465037,-21887.386924743652,2.5962085956045797
22.0,0.540946656649136,0.0,0.2,1,0.004389986296591509,0.008487610756712605,1.28519699465037,-23207.191345214844,2.6884857111154212
22.0,0.540946656649136,0.0,0.2,2,0.0038015630886607593,0.009466369627571697,1.28519699465037,-22747.56476211548,2.6327476233404874
22.0,0.540946656649136,0.0,0.2,3,0.004589220951366253,0.010014254378393865,1.28519699465037,-22859.039154052734,2.58935145225043
22.0,0.540946656649136,0.5,0.005,1,0.005192471097413023,0.016476025990074937,0.7139983303613167,-23058.04299736023,2.514681471014786
22.0,0.540946656649136,0.5,0.005,2,0.0054835770474515235,0.01562506401298481,0.7139983303613167,-23019.76930618286,2.4937863335371397
22.0,0.540946656649136,0.5,0.005,3,0.00837768238071845,0.01726767386026283,0.9995976625058433,-23572.93741607666,2.497755621095994
22.0,0.540946656649136,0.5,0.02,1,0.006177833488961602,0.013973767345858956,0.9995976625058433,-22700.63362121582,2.611454797968646
22.0,0.540946656649136,0.5,0.02,2,0.007309757294546601,0.012667245617507478,1.28519699465037,-22757.257137298584,2.5877763434590593
22.0,0.540946656649136,0.5,0.02,3,0.008462042076927408,0.014864704515220751,0.9995976625058433,-23014.663738250732,2.594031589028201
22.0,0.540946656649136,0.5,0.05,1,0.006915986126761869,0.013078040491330361,1.28519699465037,-22914.204471588135,2.6146023681121755
22.0,0.540946656649136,0.5,0.05,2,0.00733194441781858,0.012044824228137806,0.9995976625058433,-23048.261917114258,2.630964034738167
22.0,0.540946656649136,0.5,0.05,3,0.00974020517439187,0.015439859058259963,0.9995976625058433,-23133.537952423096,2.636361064586235
22.0,0.540946656649136,0.5,0.1,1,0.006473895099017893,0.013563116343307941,1.28519699465037,-22947.820419311523,2.677894560049287
22.0,0.540946656649136,0.5,0.1,2,0.00815059789427962,0.01164793178357887,0.9995976625058433,-23266.277198791504,2.651454385428602
22.0,0.540946656649136,0.5,0.1,3,0.008452704721064588,0.014395961800391713,0.7139983303613167,-23064.998985290527,2.6426533943544244
22.0,0.540946656649136,0.5,0.2,1,0.00627284049926779,0.012651181017235603,1.28519699465037,-23796.3443069458,2.633319668427221
22.0,0.540946656649136,0.5,0.2,2,0.005987782801412567,0.010945910653281588,1.28519699465037,-23539.940238952637,2.637296713447073
22.0,0.540946656649136,0.5,0.2,3,0.00761817918906179,0.013568568442947817,0.9995976625058433,-23824.9808883667,2.635393542694893
22.0,0.540946656649136,0.8,0.005,1,0.011608504284340038,0.017655563630760006,0.7139983303613167,-24277.310817718502,2.577713054136472
22.0,0.540946656649136,0.8,0.005,2,0.010667107432596802,0.014335308319370754,0.9995976625058433,-23820.633083343502,2.512504923401852
22.0,0.540946656649136,0.8,0.005,3,0.014476862167565514,0.02210561890195306,0.7139983303613167,-24133.895206451416,2.4777173639029275
22.0,0.540946656649136,0.8,0.02,1,0.0139046986404604,0.01676759884327551,0.9995976625058433,-24163.537727355957,2.6242771241937626
22.0,0.540946656649136,0.8,0.02,2,0.014119802907555467,0.017223337863510803,0.7139983303613167,-24333.28090667725,2.6048826178387476
22.0,0.540946656649136,0.8,0.02,3,0.0162855322547012,0.02055284781157768,0.7139983303613167,-24252.359817504883,2.5937413742548907
22.0,0.540946656649136,0.8,0.05,1,0.013143205706248377,0.01591683418649811,0.9995976625058433,-24328.347423553467,2.668667454062342
22.0,0.540946656649136,0.8,0.05,2,0.013210396186286078,0.015992031381101043,0.7139983303613167,-23948.394832611084,2.6102969737823907
22.0,0.540946656649136,0.8,0.05,3,0.019383828679875398,0.021544891266431727,0.7139983303613167,-24447.549503326416,2.596981880289517
22.0,0.540946656649136,0.8,0.1,1,0.011597883894403093,0.0156068451345485,0.9995976625058433,-24502.776195526123,2.651170980822192
22.0,0.540946656649136,0.8,0.1,2,0.013172153783355796,0.012123411189569566,0.9995976625058433,-24478.053421020508,2.6305813760727923
22.0,0.540946656649136,0.8,0.1,3,0.016407455949089787,0.01832132351164576,0.7139983303613167,-24445.29686355591,2.6090806101411874
22.0,0.540946656649136,0.8,0.2,1,0.010355352423120204,0.010860261780160307,0.9995976625058433,-24633.44803237915,2.6590439352722757
22.0,0.540946656649136,0.8,0.2,2,0.011941075062639507,0.013042297101616626,0.7139983303613167,-24885.55478668213,2.600650762480294
22.0,0.540946656649136,0.8,0.2,3,0.012497429561649667,0.015300645977816506,0.7139983303613167,-24685.131366729736,2.610245934495474
22.0,0.540946656649136,0.95,0.005,1,0.016095898009668298,0.019759770648208212,0.7139983303613167,-24737.269115448,2.595005655099522
22.0,0.540946656649136,0.95,0.005,2,0.01978152748083931,0.02130108737282207,0.7139983303613167,-24885.709175109863,2.515066749718125
22.0,0.540946656649136,0.95,0.005,3,0.02714843766628162,0.026970878270316412,0.7139983303613167,-25036.041034698486,2.5447313327136323
22.0,0.540946656649136,0.95,0.02,1,0.024295667371145534,0.021960827789178863,0.7139983303613167,-25379.291778564453,2.6806050503285173
22.0,0.540946656649136,0.95,0.02,2,0.02078041155185963,0.017547659831072003,0.7139983303613167,-25315.444381713867,2.601816870818504
22.0,0.540946656649136,0.95,0.02,3,0.028425957006585123,0.024914575071913116,0.7139983303613167,-25199.89220046997,2.625956377942736
22.0,0.540946656649136,0.95,0.05,1,0.021519732524093258,0.01930273037560835,0.7139983303613167,-25095.90051651001,2.7026258716749862
22.0,0.540946656649136,0.95,0.05,2,0.023897007227508756,0.020690773628034266,0.7139983303613167,-25530.80348777771,2.607208072814754
22.0,0.540946656649136,0.95,0.05,3,0.027443069759768308,0.024321947723563782,0.7139983303613167,-25003.435943603516,2.639936075392109
22.0,0.540946656649136,0.95,0.1,1,0.021847512469400233,0.018935785056131426,0.7139983303613167,-25834.50036811829,2.7087052072057767
22.0,0.540946656649136,0.95,0.1,2,0.020515621666867826,0.01811462606102664,0.7139983303613167,-25416.75730895996,2.621305502291343
22.0,0.540946656649136,0.95,0.1,3,0.029519681072943414,0.026785208718751764,0.7139983303613167,-25426.60683441162,2.6756056831044535
22.0,0.540946656649136,0.95,0.2,1,0.014212936718841253,0.014525920122425064,0.9995976625058433,-25480.8932762146,2.6746551645364636
22.0,0.540946656649136,0.95,0.2,2,0.014482881917350195,0.013597185163256687,0.9995976625058433,-25161.384799957275,2.6132630524725853
22.0,0.540946656649136,0.95,0.2,3,0.02358774401083232,0.02322578796333978,0.7139983303613167,-25556.2834854126,2.667717498281066
22.0,0.540946656649136,1.0,0.005,1,0.01829521450668732,0.02365769153965805,0.7139983303613167,-24984.057998657227,2.5929349203302476
22.0,0.540946656649136,1.0,0.005,2,0.030587169106849183,0.024482128478937944,0.7139983303613167,-26091.05758666992,2.5204640893393906
22.0,0.540946656649136,1.0,0.005,3,0.026451422299149444,0.0278047477558035,0.7139983303613167,-25065.776752471924,2.577407588416711
22.0,0.540946656649136,1.0,0.02,1,0.020420726415424924,0.02100902548544705,0.9995976625058433,-25407.871559143063,2.6320482120537263
22.0,0.540946656649136,1.0,0.02,2,0.03098610137694777,0.023834129237228927,0.7139983303613167,-25948.15115737915,2.6038773345786037
22.0,0.540946656649136,1.0,0.02,3,0.020972443792879377,0.020693233587776153,0.7139983303613167,-25122.91837310791,2.6467998784932765
22.0,0.540946656649136,1.0,0.05,1,0.01974437943282726,0.016504835034117007,0.9995976625058433,-25069.23826980591,2.658945517224765
22.0,0.540946656649136,1.0,0.05,2,0.034070829597891886,0.026375188128923192,0.7139983303613167,-26139.086429595947,2.5886665950365932
22.0,0.540946656649136,1.0,0.05,3,0.02326452123272981,0.025333630596654177,0.7139983303613167,-25073.052661895752,2.657884047342022
22.0,0.540946656649136,1.0,0.1,1,0.018545568943661203,0.019939813167947577,0.7139983303613167,-25398.874153137207,2.6435412027640925
22.0,0.540946656649136,1.0,0.1,2,0.028793673859279105,0.021067871064537825,0.7139983303613167,-25855.22847366333,2.599762869401362
22.0,0.540946656649136,1.0,0.1,3,0.021208250605187325,0.021019250779568035,0.7139983303613167,-25229.985767364506,2.64867674312527
22.0,0.540946656649136,1.0,0.2,1,0.017245142262036706,0.01692878894324141,0.9995976625058433,-25616.374866485596,2.6386829286414906
22.0,0.540946656649136,1.0,0.2,2,0.02473472029659833,0.020562562464747684,0.7139983303613167,-26249.639938354492,2.5581074278052185
22.0,0.540946656649136,1.0,0.2,3,0.01741758972478634,0.018024621426553377,0.9995976625058433,-25691.412109375,2.621509275674374
28.0,0.26239067055393583,0.0,0.005,1,0.008020752147402457,0.09184569923018396,0.5609986881410345,-21621.631198883057,2.309796005340764
28.0,0.26239067055393583,0.0,0.005,2,0.005731948799521845,0.07438291891990959,1.009797638653862,-20897.10131072998,2.2586496024454226
28.0,0.26239067055393583,0.0,0.005,3,0.007584612278966589,0.06221788785519818,1.009797638653862,-22060.367866516113,2.1622587823735575
28.0,0.26239067055393583,0.0,0.02,1,0.009016638246407313,0.06851837755206817,1.2341971139102759,-20365.73984527588,2.393661595896943
28.0,0.26239067055393583,0.0,0.02,2,0.010245227144021981,0.06347114438116809,1.2341971139102759,-20566.28741455078,2.329462196065628
28.0,0.26239067055393583,0.0,0.02,3,0.01082004416598679,0.05624372047704301,1.2341971139102759,-21027.808252334595,2.2397729073233332
28.0,0.26239067055393583,0.0,0.05,1,0.010425358937473775,0.06808568165496283,1.2341971139102759,-20747.028602600098,2.3959714994471195
28.0,0.26239067055393583,0.0,0.05,2,0.00976265527546462,0.060188622924828496,1.4585965891666897,-20321.848720550537,2.392598349275619
28.0,0.26239067055393583,0.0,0.05,3,0.011162320024118776,0.05309799581212854,1.4585965891666897,-21202.509159088135,2.2865620451334383
28.0,0.26239067055393583,0.0,0.1,1,0.01018557433074322,0.06721609445413007,1.2341971139102759,-20748.69856071472,2.429454805422135
28.0,0.26239067055393583,0.0,0.1,2,0.008838485977375188,0.05741690433407835,1.4585965891666897,-20529.40556716919,2.392153212326131
28.0,0.26239067055393583,0.0,0.1,3,0.01055116839521236,0.04860940435577883,1.4585965891666897,-21424.45207977295,2.3346630971723634
28.0,0.26239067055393583,0.0,0.2,1,0.008301299716247204,0.07073445401609577,1.4585965891666897,-21239.075317382812,2.4081100913476905
28.0,0.26239067055393583,0.0,0.2,2,0.008246167169769327,0.05216823117858853,1.4585965891666897,-21208.129934310913,2.3871622331709568
28.0,0.26239067055393583,0.0,0.2,3,0.00911869588182888,0.04607638308951351,1.4585965891666897,-21331.61549758911,2.303648273659921
28.0,0.26239067055393583,0.5,0.005,1,0.013013148733090632,0.06720556954904017,0.7853981633974483,-21708.320543289185,2.3213586420117434
28.0,0.26239067055393583,0.5,0.005,2,0.013889654519432148,0.07354712025292802,1.009797638653862,-21562.99172782898,2.2713650083831944
28.0,0.26239067055393583,0.5,0.005,3,0.014794561400315681,0.05293825540159782,1.009797638653862,-21843.069576263428,2.146878670824594
28.0,0.26239067055393583,0.5,0.02,1,0.01886508789479142,0.06096270854636114,1.009797638653862,-21765.447582244873,2.4121303590139984
28.0,0.26239067055393583,0.5,0.02,2,0.015596057994344357,0.05462201399031882,1.2341971139102759,-21482.706745147705,2.377344631526102
28.0,0.26239067055393583,0.5,0.02,3,0.016368655241263477,0.053332303416586256,1.009797638653862,-21566.984897613525,2.27024888579575
28.0,0.26239067055393583,0.5,0.05,1,0.01887669131908115,0.06608434701219272,0.7853981633974483,-21759.51499557495,2.397227258584498
28.0,0.26239067055393583,0.5,0.05,2,0.014905935125977566,0.06790804457071757,1.009797638653862,-21531.659866333008,2.402256334912425
28.0,0.26239067055393583,0.5,0.05,3,0.0171285636550417,0.038206790373212784,1.009797638653862,-21830.95980834961,2.319693042575803
28.0,0.26239067055393583,0.5,0.1,1,0.015694575412879618,0.05741009784626272,1.2341971139102759,-22119.877639770508,2.445083623355257
28.0,0.26239067055393583,0.5,0.1,2,0.015204971748715566,0.06223155296134025,1.009797638653862,-21350.898933410645,2.421666811666581
28.0,0.26239067055393583,0.5,0.1,3,0.01716344988353497,0.03255695792851242,1.009797638653862,-21875.40327835083,2.3423005790733917
28.0,0.26239067055393583,0.5,0.2,1,0.014614752988742381,0.059503714232308345,1.2341971139102759,-22211.35513305664,2.4406910871794185
28.0,0.26239067055393583,0.5,0.2,2,0.014848171655241858,0.07050286826838228,1.009797638653862,-22065.834884643555,2.4157987013780815
28.0,0.26239067055393583,0.5,0.2,3,0.014527483184857146,0.030959975967116075,1.009797638653862,-22950.82733154297,2.3063601747798237
28.0,0.26239067055393583,0.8,0.005,1,0.026119898926129453,0.07050558372704412,1.009797638653862,-22734.78356361389,2.343327068319009
28.0,0.26239067055393583,0.8,0.005,2,0.02989478451215049,0.09089479905289931,0.7853981633974483,-22563.17876434326,2.292595927407174
28.0,0.26239067055393583,0.8,0.005,3,0.026356983711617682,0.06335977497516808,0.7853981633974483,-23558.216232299805,2.188817274073114
28.0,0.26239067055393583,0.8,0.02,1,0.0344701408058465,0.06570578124325607,1.009797638653862,-22861.74197769165,2.3982242214935345
28.0,0.26239067055393583,0.8,0.02,2,0.03509761296841391,0.06409687638503321,0.7853981633974483,-22567.274700164795,2.3740436116203703
28.0,0.26239067055393583,0.8,0.02,3,0.031209738162609798,0.05229934561899596,1.009797638653862,-23181.11639022827,2.2665837830409794
28.0,0.26239067055393583,0.8,0.05,1,0.0312103974621785,0.0671041408359985,1.009797638653862,-22849.892749786377,2.412217462115308
28.0,0.26239067055393583,0.8,0.05,2,0.02833913124921443,0.0721980788916298,0.5609986881410345,-22637.74782180786,2.4041847930285214
28.0,0.26239067055393583,0.8,0.05,3,0.03189760641132393,0.04098061561358685,0.7853981633974483,-23556.52041625977,2.306617882114251
28.0,0.26239067055393583,0.8,0.1,1,0.026426754984734444,0.062190725605496454,1.009797638653862,-22857.99572563171,2.4468503331412403
28.0,0.26239067055393583,0.8,0.1,2,0.03122664492693778,0.07322012746661202,1.009797638653862,-23027.0708694458,2.4402115185024487
28.0,0.26239067055393583,0.8,0.1,3,0.03270873011230471,0.04268336725294314,0.7853981633974483,-23817.517707824707,2.302841777996157
28.0,0.26239067055393583,0.8,0.2,1,0.025652777162241104,0.05387045294070005,1.009797638653862,-22981.531536102295,2.4246462920046556
28.0,0.26239067055393583,0.8,0.2,2,0.026454068819942028,0.07120642675810974,0.7853981633974483,-22938.613639831543,2.440777901864445
28.0,0.26239067055393583,0.8,0.2,3,0.027471219823947547,0.0629028108802472,1.009797638653862,-23436.325299263,2.27020854895614
28.0,0.26239067055393583,0.95,0.005,1,0.04749641825675452,0.06829627813800139,0.7853981633974483,-24008.69581604004,2.3935824401158268
28.0,0.26239067055393583,0.95,0.005,2,0.04491858835915505,0.08357285871160905,0.7853981633974483,-23707.73112297058,2.340233763367208
28.0,0.26239067055393583,0.95,0.005,3,0.03569738095325221,0.05451593806762266,0.7853981633974483,-23801.439750671387,2.235648942962666
28.0,0.26239067055393583,0.95,0.02,1,0.05464859310915278,0.06955554418043593,0.7853981633974483,-24120.382720947266,2.4658971317821683
28.0,0.26239067055393583,0.95,0.02,2,0.04140616961665428,0.07621278215404913,0.7853981633974483,-23480.827270507812,2.3796985909171613
28.0,0.26239067055393583,0.95,0.02,3,0.04847609434032905,0.06559263688882447,0.7853981633974483,-24297.53854751587,2.317153327098995
28.0,0.26239067055393583,0.95,0.05,1,0.04753914508282121,0.05737656781744488,0.7853981633974483,-23799.225246429443,2.415529879260836
28.0,0.26239067055393583,0.95,0.05,2,0.04078509980490562,0.06896868277972885,0.7853981633974483,-23240.826919555664,2.3819122384462923
28.0,0.26239067055393583,0.95,0.05,3,0.0434095789904,0.04663936966641301,0.7853981633974483,-24165.538242340088,2.276038232456812
28.0,0.26239067055393583,0.95,0.1,1,0.047001295565326416,0.058999219850675286,0.7853981633974483,-23685.543937683105,2.4326097961280126
28.0,0.26239067055393583,0.95,0.1,2,0.042305601054097246,0.07355388281650928,0.5609986881410345,-23503.319274902344,2.407182701895659
28.0,0.26239067055393583,0.95,0.1,3,0.0457943373254756,0.04838375874165945,0.7853981633974483,-24240.757640838623,2.320100561918217
28.0,0.26239067055393583,0.95,0.2,1,0.039304162265888155,0.05491953134608631,0.7853981633974483,-23723.37939453125,2.4171030459149776
28.0,0.26239067055393583,0.95,0.2,2,0.036963320328271806,0.07834118008370887,0.5609986881410345,-24105.33948898315,2.3713197020322108
28.0,0.26239067055393583,0.95,0.2,3,0.040806564109254886,0.0572366506664573,0.5609986881410345,-25190.724449157715,2.2965288019852848
28.0,0.26239067055393583,1.0,0.005,1,0.04806544208942515,0.056951255020777844,0.7853981633974483,-23567.7276763916,2.3712308175369636
28.0,0.26239067055393583,1.0,0.005,2,0.05721830214101184,0.087962663775781,0.5609986881410345,-24295.45853805542,2.313336997290999
28.0,0.26239067055393583,1.0,0.005,3,0.04094290630589601,0.07872039433082259,0.7853981633974483,-23623.662200927734,2.3050831501397515
28.0,0.26239067055393583,1.0,0.02,1,0.04977056182844837,0.061364870874626345,0.7853981633974483,-23813.95277786255,2.4317754867520165
28.0,0.26239067055393583,1.0,0.02,2,0.0562717766343062,0.08348350115619058,0.5609986881410345,-23779.413818359375,2.3611766783759167
28.0,0.26239067055393583,1.0,0.02,3,0.048392628054650354,0.06260499471619375,0.7853981633974483,-23919.61629295349,2.3279625308226004
28.0,0.26239067055393583,1.0,0.05,1,0.05150268363024665,0.0648586812125503,0.7853981633974483,-23853.307331085205,2.448524424940469
28.0,0.26239067055393583,1.0,0.05,2,0.05807689316173873,0.08577447428335061,0.5609986881410345,-23872.440965652462,2.362390857541916
28.0,0.26239067055393583,1.0,0.05,3,0.045577981950611655,0.07746706202703413,0.7853981633974483,-23479.44174957275,2.362490011600395
28.0,0.26239067055393583,1.0,0.1,1,0.04980254398854797,0.06264766880827867,0.7853981633974483,-23909.58042526245,2.398327942242016
28.0,0.26239067055393583,1.0,0.1,2,0.054268083481416686,0.08756527671681233,0.5609986881410345,-24486.54372024536,2.366820542478187
28.0,0.26239067055393583,1.0,0.1,3,0.0485129340840602,0.06588025429646749,0.7853981633974483,-23817.12410736084,2.370177198388797
28.0,0.26239067055393583,1.0,0.2,1,0.041784283344286334,0.05605539215912923,0.7853981633974483,-24246.086864471436,2.4091661332127368
28.0,0.26239067055393583,1.0,0.2,2,0.04830840229398868,0.0862338380341002,0.5609986881410345,-24486.552738189697,2.352494671685081
28.0,0.26239067055393583,1.0,0.2,3,0.03346381487682452,0.07094988885394972,0.7853981633974483,-23799.667863845825,2.3222041675113285
36.0,0.12345679012345678,0.0,0.005,1,0.01974820757272633,0.1745626867239965,0.6108652381980153,-20003.28940582275,1.8626550393604615
36.0,0.12345679012345678,0.0,0.005,2,0.014276924910785695,0.14015584122659272,1.308996938995747,-20898.73145675659,1.865781799950197
36.0,0.12345679012345678,0.0,0.005,3,0.012807798324678182,0.1527629711473269,1.1344640137963142,-19296.164916992188,1.8158921204834253
36.0,0.12345679012345678,0.0,0.02,1,0.02135051963815016,0.1139976322676084,1.308996938995747,-19989.539516448975,2.013761483637646
36.0,0.12345679012345678,0.0,0.02,2,0.01869046430054357,0.10490629401750211,1.1344640137963142,-19938.923582077023,1.9918161380655068
36.0,0.12345679012345678,0.0,0.02,3,0.017111825725076153,0.12868557755162507,1.4835298641951802,-19034.274196624756,1.923554284583813
36.0,0.12345679012345678,0.0,0.05,1,0.018649771775987603,0.11738408578057283,1.4835298641951802,-19272.839294433594,2.0185815690706588
36.0,0.12345679012345678,0.0,0.05,2,0.019943126331897508,0.09936052026672801,1.308996938995747,-19829.423587799072,1.986612897655759
36.0,0.12345679012345678,0.0,0.05,3,0.019080033979803002,0.12496898136685261,1.308996938995747,-19107.67407989502,1.979481353705025
36.0,0.12345679012345678,0.0,0.1,1,0.018656962947461372,0.12174630274592169,0.6108652381980153,-19617.212871551514,2.062337640413242
36.0,0.12345679012345678,0.0,0.1,2,0.019114048245318323,0.11352902070615996,1.4835298641951802,-20039.01417160034,2.0366738412693968
36.0,0.12345679012345678,0.0,0.1,3,0.017802103036363814,0.13417271696754796,1.4835298641951802,-19138.759349823,1.9901718401565955
36.0,0.12345679012345678,0.0,0.2,1,0.016695109708752553,0.11532299485932389,1.308996938995747,-20178.820526123047,2.0326110862240014
36.0,0.12345679012345678,0.0,0.2,2,0.01757303572313514,0.1175196579999842,1.4835298641951802,-20247.94828414917,2.0248942011515876
36.0,0.12345679012345678,0.0,0.2,3,0.017160655648415936,0.12051291854356205,1.4835298641951802,-20027.19993591309,1.9768848451698124
36.0,0.12345679012345678,0.5,0.005,1,0.02622018264102587,0.150373428029158,0.9599310885968813,-20683.897968292236,1.93650743763488
36.0,0.12345679012345678,0.5,0.005,2,0.026982717239714488,0.1099998765079451,0.7853981633974483,-20945.94234085083,1.895013793253456
36.0,0.12345679012345678,0.5,0.005,3,0.02389733016189906,0.15369710862101382,1.1344640137963142,-20333.554286956787,1.8595625308085053
36.0,0.12345679012345678,0.5,0.02,1,0.032772186706346795,0.11848722831500824,0.9599310885968813,-20647.960342407227,2.0422727625505845
36.0,0.12345679012345678,0.5,0.02,2,0.03518988578854251,0.12908433966097183,0.6108652381980153,-20707.18406677246,2.0147665838017623
36.0,0.12345679012345678,0.5,0.02,3,0.033514259346092305,0.13550784267773544,0.7853981633974483,-20122.79250526428,1.9510405285890835
36.0,0.12345679012345678,0.5,0.05,1,0.03444414139383803,0.10656931839462888,0.9599310885968813,-21009.2654876709,2.023789087742708
36.0,0.12345679012345678,0.5,0.05,2,0.031774432461989084,0.11491528280438232,1.1344640137963142,-21037.169189453125,2.0195469862240074
36.0,0.12345679012345678,0.5,0.05,3,0.0301490314499577,0.1394432277443293,0.9599310885968813,-20137.31359577179,1.988278947307838
36.0,0.12345679012345678,0.5,0.1,1,0.03198493063877032,0.11245416509034575,0.9599310885968813,-20798.032997131348,2.0441487091605777
36.0,0.12345679012345678,0.5,0.1,2,0.028556643336945797,0.12111162394985202,0.9599310885968813,-20623.91040611267,2.040188953066146
36.0,0.12345679012345678,0.5,0.1,3,0.03178954986405978,0.12959488296463273,0.7853981633974483,-19994.362998008728,1.990489513087096
36.0,0.12345679012345678,0.5,0.2,1,0.03115747195062527,0.10679558599813817,0.9599310885968813,-21064.2287940979,2.0656436680310657
36.0,0.12345679012345678,0.5,0.2,2,0.029303359343954713,0.12218690673319851,0.7853981633974483,-21601.10068893433,2.0280898330593127
36.0,0.12345679012345678,0.5,0.2,3,0.030864234445468805,0.12339836196355651,0.9599310885968813,-21212.870292663574,2.0089189796010154
36.0,0.12345679012345678,0.8,0.005,1,0.05999412707312943,0.10564470728587343,0.7853981633974483,-22400.073040008545,1.9923205584351489
36.0,0.12345679012345678,0.8,0.005,2,0.07363264820582413,0.13986429913431112,0.7853981633974483,-22019.155046463013,1.999086113484748
36.0,0.12345679012345678,0.8,0.005,3,0.06102329189501193,0.13216630439974425,0.7853981633974483,-21503.56953239441,1.941973040947361
36.0,0.12345679012345678,0.8,0.02,1,0.051817936270492956,0.1291533589228093,0.9599310885968813,-21570.310817718502,2.0805024743400446
36.0,0.12345679012345678,0.8,0.02,2,0.07917660717331666,0.13447916626875153,0.7853981633974483,-21826.687730789185,2.07022714688193
36.0,0.12345679012345678,0.8,0.02,3,0.054997365266498795,0.1451261712905575,0.9599310885968813,-20981.477144241333,2.004626944735319
36.0,0.12345679012345678,0.8,0.05,1,0.05612334499863589,0.1101696032809645,0.7853981633974483,-21559.00168991089,2.082798144144647
36.0,0.12345679012345678,0.8,0.05,2,0.05840695200606193,0.12266404945829004,0.7853981633974483,-21895.220200538635,2.0356088566249193
36.0,0.12345679012345678,0.8,0.05,3,0.05698779869138084,0.13356799381150197,0.9599310885968813,-21069.68821716309,2.0052618802987165
36.0,0.12345679012345678,0.8,0.1,1,0.05548010185676313,0.09128766878127886,0.7853981633974483,-21862.02087020874,2.103361282740249
36.0,0.12345679012345678,0.8,0.1,2,0.0590049001824197,0.12466192161317902,0.7853981633974483,-22186.55422592163,2.0625425954570384
36.0,0.12345679012345678,0.8,0.1,3,0.05644801106571504,0.1715277971625105,0.6108652381980153,-21550.10749053955,1.9955903347598576
36.0,0.12345679012345678,0.8,0.2,1,0.06256433806268709,0.1077164595335407,0.9599310885968813,-23249.71030807495,2.104692508641885
36.0,0.12345679012345678,0.8,0.2,2,0.055148186903773,0.12774911220301507,0.7853981633974483,-22155.424703598022,2.0386307077700647
36.0,0.12345679012345678,0.8,0.2,3,0.05229145417551413,0.1593540036500078,0.7853981633974483,-21805.928386688232,2.0112547466072623
36.0,0.12345679012345678,0.95,0.005,1,0.09300078240986201,0.1358106577954655,0.7853981633974483,-22457.3980884552,2.0892561308837196
36.0,0.12345679012345678,0.95,0.005,2,0.09980811138659906,0.140570610859751,0.7853981633974483,-22703.5931763649,2.0694176661486825
36.0,0.12345679012345678,0.95,0.005,3,0.07806487486834783,0.17458635749521847,0.6108652381980153,-21859.942699432373,1.9931663456841415
36.0,0.12345679012345678,0.95,0.02,1,0.08929730610881965,0.1240644673419756,0.7853981633974483,-22476.307189941406,2.1430237767772744
36.0,0.12345679012345678,0.95,0.02,2,0.10146896287894527,0.12411930985649669,0.7853981633974483,-22556.54190063477,2.089758418167579
36.0,0.12345679012345678,0.95,0.02,3,0.08514641133517863,0.14639071697995748,0.7853981633974483,-22080.03126525879,2.030360321926612
36.0,0.12345679012345678,0.95,0.05,1,0.07717846919153895,0.12674621266647884,0.7853981633974483,-21997.680963516235,2.133746521996865
36.0,0.12345679012345678,0.95,0.05,2,0.10162008446523982,0.15599168057001006,0.6108652381980153,-22149.612733840942,2.07920943080697
36.0,0.12345679012345678,0.95,0.05,3,0.07355730114282218,0.13195385476158827,0.9599310885968813,-21594.55425643921,2.0473829148086597
36.0,0.12345679012345678,0.95,0.1,1,0.07636720255200585,0.1304074122475983,0.7853981633974483,-22334.05742740631,2.1533054207735924
36.0,0.12345679012345678,0.95,0.1,2,0.07157775846232284,0.13330550516141376,0.6108652381980153,-22213.824840545654,2.1098413710344985
36.0,0.12345679012345678,0.95,0.1,3,0.06522123077987965,0.14586092433804013,0.9599310885968813,-21418.497900009155,2.029470660985549
36.0,0.12345679012345678,0.95,0.2,1,0.06437950662886444,0.11474337582957661,0.9599310885968813,-22463.80163192749,2.088914737245262
36.0,0.12345679012345678,0.95,0.2,2,0.07178194681583905,0.13655352371221147,0.7853981633974483,-22694.681728363037,2.075133158515131
36.0,0.12345679012345678,0.95,0.2,3,0.05843161063580658,0.15812295477307692,0.9599310885968813,-22157.17535018921,2.0037300133653932
36.0,0.12345679012345678,1.0,0.005,1,0.09153953599735429,0.15618746996277483,0.7853981633974483,-23058.97473526001,2.0906975566752797
36.0,0.12345679012345678,1.0,0.005,2,0.10613385450415713,0.1725683176118516,0.7853981633974483,-22734.460746765137,2.018368136569869
36.0,0.12345679012345678,1.0,0.005,3,0.0820829896519081,0.1376379277863243,0.7853981633974483,-22351.06594467163,2.005231601402864
36.0,0.12345679012345678,1.0,0.02,1,0.11518707545466728,0.1334037729089274,0.7853981633974483,-23068.209827423096,2.1313335058298986
36.0,0.12345679012345678,1.0,0.02,2,0.10813663658623675,0.16552884220520067,0.6108652381980153,-23050.483486175537,2.103381540139506
36.0,0.12345679012345678,1.0,0.02,3,0.08417712056873874,0.13781673077291218,0.7853981633974483,-22254.02984237671,2.03515535589864
36.0,0.12345679012345678,1.0,0.05,1,0.09638997370268451,0.1671728628016665,0.6108652381980153,-23193.594131469727,2.104822215949508
36.0,0.12345679012345678,1.0,0.05,2,0.10855020631276908,0.18070126676435777,0.7853981633974483,-22711.89288711548,2.07935979688995
36.0,0.12345679012345678,1.0,0.05,3,0.08040934778122304,0.13341031151362898,0.9599310885968813,-22526.093589782715,2.087656928718362
36.0,0.12345679012345678,1.0,0.1,1,0.09484596176768002,0.15113060916675702,0.7853981633974483,-22998.62060546875,2.1164805259180306
36.0,0.12345679012345678,1.0,0.1,2,0.09373075279744034,0.1454020893776816,0.7853981633974483,-22879.080295562744,2.0864480506295324
36.0,0.12345679012345678,1.0,0.1,3,0.0855648543147859,0.14430456019538668,0.6108652381980153,-22518.98690032959,2.036650224826426
36.0,0.12345679012345678,1.0,0.2,1,0.07126763417249073,0.13043518647258756,0.7853981633974483,-23052.309413909912,2.066410626964898
36.0,0.12345679012345678,1.0,0.2,2,0.08260290703026896,0.15497286431407695,0.6108652381980153,-23258.523955345154,2.0456909266885908
36.0,0.12345679012345678,1.0,0.2,3,0.0735475564724058,0.11303413870446428,0.7853981633974483,-22494.327156066895,1.9972521805247712
44.0,0.067618332081142,0.0,0.005,1,0.023096850029451443,0.21493141951100028,0.642598497325185,-17811.824558258057,1.7583779099787238
44.0,0.067618332081142,0.0,0.005,2,0.021019081955367315,0.18742879729262116,1.2137971616142382,-17958.59109401703,1.7446738304148683
44.0,0.067618332081142,0.0,0.005,3,0.018254224636512315,0.19183600229062156,1.3565968276865017,-17282.312969207764,1.7260549019817404
44.0,0.067618332081142,0.0,0.02,1,0.032147168333759614,0.19744561364567007,1.2137971616142382,-17654.94462966919,1.8803285536880523
44.0,0.067618332081142,0.0,0.02,2,0.02964451136732381,0.18544211891509402,1.2137971616142382,-17706.446979522705,1.840438817590145
44.0,0.067618332081142,0.0,0.02,3,0.029119805228017746,0.1698169767374899,1.3565968276865017,-17495.03045654297,1.8341104116926157
44.0,0.067618332081142,0.0,0.05,1,0.0313517478878122,0.18720835566296792,1.070997495541975,-17910.400276184082,1.8932666052737417
44.0,0.067618332081142,0.0,0.05,2,0.03106130241034679,0.19288342132265576,1.2137971616142382,-17777.752141952515,1.875517702504279
44.0,0.067618332081142,0.0,0.05,3,0.025725619279071462,0.17581919931552786,1.3565968276865017,-17072.76020050049,1.8447227180569288
44.0,0.067618332081142,0.0,0.1,1,0.03194086096730078,0.1823243518720759,1.3565968276865017,-18178.11453819275,1.905747365602556
44.0,0.067618332081142,0.0,0.1,2,0.025668609279682477,0.17768137803280715,1.070997495541975,-17542.447147369385,1.864407090512338
44.0,0.067618332081142,0.0,0.1,3,0.02783669345597891,0.15310383056125046,1.499396493758765,-17758.46611404419,1.859950549159251
44.0,0.067618332081142,0.0,0.2,1,0.030455062313522564,0.19044741116911598,1.070997495541975,-18431.85703086853,1.9104461816976792
44.0,0.067618332081142,0.0,0.2,2,0.023385993153785326,0.178032758879364,1.070997495541975,-18174.773339271545,1.885679423366061
44.0,0.067618332081142,0.0,0.2,3,0.02414874246440515,0.1681903653310001,1.3565968276865017,-17762.346490859985,1.8604358274526325
44.0,0.067618332081142,0.5,0.005,1,0.050140323286585686,0.2150529382978792,0.642598497325185,-18235.036640167236,1.8148598450788855
44.0,0.067618332081142,0.5,0.005,2,0.04838243283950132,0.2072956097758692,0.9281978294697115,-18398.883235931396,1.7834942880854916
44.0,0.067618332081142,0.5,0.005,3,0.03591812394428998,0.1905143132581867,1.2137971616142382,-18062.826568603516,1.7771173114583574
44.0,0.067618332081142,0.5,0.02,1,0.04838017141646324,0.20165589841677964,0.7853981633974483,-18110.33783340454,1.900516542168682
44.0,0.067618332081142,0.5,0.02,2,0.050409463741837746,0.20470095568643748,0.9281978294697115,-18378.50685119629,1.8536801952758803
44.0,0.067618332081142,0.5,0.02,3,0.044734991518722386,0.16554857490336572,1.070997495541975,-17913.74609565735,1.8482926944409128
44.0,0.067618332081142,0.5,0.05,1,0.057632102045538286,0.2149348048542506,0.642598497325185,-18623.435230255127,1.922112467988903
44.0,0.067618332081142,0.5,0.05,2,0.05533312247070632,0.21613693778674664,0.642598497325185,-18588.33444404602,1.884214334923996
44.0,0.067618332081142,0.5,0.05,3,0.0445039021311094,0.1635721719264165,1.070997495541975,-18163.613647460938,1.866858659046348
44.0,0.067618332081142,0.5,0.1,1,0.04979957853916106,0.19088471589043576,0.642598497325185,-18627.9057636261,1.9294746490175343
44.0,0.067618332081142,0.5,0.1,2,0.056051464893476566,0.21038061874641434,0.642598497325185,-18824.20604324341,1.8774020610103004
44.0,0.067618332081142,0.5,0.1,3,0.04525999086817108,0.1779393624067645,1.070997495541975,-18354.462631225582,1.8595371508688128
44.0,0.067618332081142,0.5,0.2,1,0.04717278855553903,0.20495944069094157,0.9281978294697115,-19047.247409820557,1.9192776466552208
44.0,0.067618332081142,0.5,0.2,2,0.05633779651447246,0.21419639133493268,0.642598497325185,-18915.98739719391,1.8948088961349967
44.0,0.067618332081142,0.5,0.2,3,0.04144333258259447,0.1768111809478045,1.2137971616142382,-18653.01853942871,1.8589997449385616
44.0,0.067618332081142,0.8,0.005,1,0.08053543701826027,0.22501357639173677,0.9281978294697115,-19478.57259941101,1.887526127865763
44.0,0.067618332081142,0.8,0.005,2,0.0834866249281618,0.21037848674371418,0.642598497325185,-19407.088807106014,1.859913938292691
44.0,0.067618332081142,0.8,0.005,3,0.0665374275554892,0.2012528985542314,0.9281978294697115,-18919.2470703125,1.827633280811544
44.0,0.067618332081142,0.8,0.02,1,0.08124786673721408,0.19235471017805283,0.9281978294697115,-19330.740814208984,1.9468807620156596
44.0,0.067618332081142,0.8,0.02,2,0.09863988042324809,0.22491051785759023,0.642598497325185,-19517.919235229492,1.8989492677949449
44.0,0.067618332081142,0.8,0.02,3,0.07882383193740303,0.20344697057771827,0.642598497325185,-18929.726440429688,1.8878051511381997
44.0,0.067618332081142,0.8,0.05,1,0.08678544820605895,0.1925240772908619,1.070997495541975,-19745.87575531006,1.9568278719064789
44.0,0.067618332081142,0.8,0.05,2,0.08457657196181075,0.2298445465522653,0.9281978294697115,-20050.60813522339,1.898877194253875
44.0,0.067618332081142,0.8,0.05,3,0.07104649923176337,0.1981607220349471,0.642598497325185,-18838.761323928833,1.897670231190044
44.0,0.067618332081142,0.8,0.1,1,0.07943860747552338,0.20199630939276977,0.9281978294697115,-19460.06214904785,1.9710697600191915
44.0,0.067618332081142,0.8,0.1,2,0.0868443359520985,0.22530768579147803,0.642598497325185,-19665.19807434082,1.9135745874636865
44.0,0.067618332081142,0.8,0.1,3,0.07468737475595888,0.20760391994440916,0.7853981633974483,-19275.660493850708,1.8967923665352424
44.0,0.067618332081142,0.8,0.2,1,0.07273341463439752,0.18799483070953454,1.070997495541975,-20014.608016967773,1.9121951747413184
44.0,0.067618332081142,0.8,0.2,2,0.07702637744437851,0.22363746287818825,0.642598497325185,-19463.70704650879,1.89604779090315
44.0,0.067618332081142,0.8,0.2,3,0.0851937104018228,0.21029542584914834,0.7853981633974483,-19711.811515808105,1.88052579793218
44.0,0.067618332081142,0.95,0.005,1,0.10938810667710364,0.2554205126517182,0.642598497325185,-19901.2823638916,1.9796927341290615
44.0,0.067618332081142,0.95,0.005,2,0.12152702745569094,0.2254808358037458,0.7853981633974483,-20214.662090301514,1.914633101854728
44.0,0.067618332081142,0.95,0.005,3,0.09766185968227957,0.20280874593186266,0.642598497325185,-19553.17346763611,1.8934252361011337
44.0,0.067618332081142,0.95,0.02,1,0.0983359125180742,0.2061848685659189,0.9281978294697115,-19843.33807754517,1.9800661736117209
44.0,0.067618332081142,0.95,0.02,2,0.1407054218523972,0.24622136873400438,0.642598497325185,-19742.750783920288,1.943852282707136
44.0,0.067618332081142,0.95,0.02,3,0.09757153087600902,0.19669346688105635,0.642598497325185,-19216.432975769043,1.9184508308140604
44.0,0.067618332081142,0.95,0.05,1,0.1033198242670327,0.20399526156098696,0.9281978294697115,-19869.64803504944,2.0087931075271155
44.0,0.067618332081142,0.95,0.05,2,0.13381908010251398,0.24105686460991121,0.642598497325185,-20260.67649269104,1.944397246566685
44.0,0.067618332081142,0.95,0.05,3,0.09474093605860122,0.1804057490439605,0.9281978294697115,-19720.54563426971,1.9146371615444184
44.0,0.067618332081142,0.95,0.1,1,0.11329604907122841,0.2306343452150271,0.642598497325185,-20211.13172531128,1.975790679752878
44.0,0.067618332081142,0.95,0.1,2,0.1607205552794076,0.26796186168914987,0.642598497325185,-20247.80975389481,1.92490218712656
44.0,0.067618332081142,0.95,0.1,3,0.0906750040906436,0.19642460498621017,0.7853981633974483,-19497.935066223145,1.929047287142444
44.0,0.067618332081142,0.95,0.2,1,0.0933835491217504,0.21209725885902414,0.9281978294697115,-20386.807277679443,1.9433057671604128
44.0,0.067618332081142,0.95,0.2,2,0.11138035622783185,0.25067451081419223,0.642598497325185,-20476.035232543945,1.900483759868868
44.0,0.067618332081142,0.95,0.2,3,0.0930417815237001,0.20893184293395875,0.7853981633974483,-19872.69468688965,1.9028024839239577
44.0,0.067618332081142,1.0,0.005,1,0.12547574370743989,0.20481620684719748,0.642598497325185,-19800.276651382446,1.990566910854655
44.0,0.067618332081142,1.0,0.005,2,0.14364059125689574,0.2722400611808583,0.642598497325185,-20227.28054046631,1.9388535248764975
44.0,0.067618332081142,1.0,0.005,3,0.09281660168310883,0.20759413123526155,0.7853981633974483,-19296.804697036743,1.9095218452197524
44.0,0.067618332081142,1.0,0.02,1,0.11442413809665748,0.20834490420652632,0.642598497325185,-19905.267290115356,2.0075784395349285
44.0,0.067618332081142,1.0,0.02,2,0.13602239568048397,0.21754668092752807,0.7853981633974483,-19902.004453659058,1.960477769095716
44.0,0.067618332081142,1.0,0.02,3,0.10285064015838065,0.18325942691132577,0.7853981633974483,-19746.999111175537,1.9408389129968375
44.0,0.067618332081142,1.0,0.05,1,0.10628107258387426,0.2021622107267212,0.642598497325185,-19663.1000957489,2.006248013613955
44.0,0.067618332081142,1.0,0.05,2,0.14008756261220864,0.22840763244881832,0.7853981633974483,-20155.909938812256,1.9737696262158824
44.0,0.067618332081142,1.0,0.05,3,0.10518334206581906,0.19540081853018312,0.7853981633974483,-19607.1849527359,1.960144909299456
44.0,0.067618332081142,1.0,0.1,1,0.12718149110485816,0.21433878850172133,0.7853981633974483,-20423.04787826538,1.9946990446510335
44.0,0.067618332081142,1.0,0.1,2,0.14586816744945755,0.2691944087456442,0.642598497325185,-20251.514825820923,1.9615382635666905
44.0,0.067618332081142,1.0,0.1,3,0.09301263053969096,0.19966067630991896,0.7853981633974483,-19785.164625167847,1.929763615443428
44.0,0.067618332081142,1.0,0.2,1,0.09449601501282641,0.2039077239666009,0.9281978294697115,-20391.27280807495,1.9383456355807096
44.0,0.067618332081142,1.0,0.2,2,0.11240085610916276,0.2296488290014258,0.7853981633974483,-19895.73272895813,1.9350407226128552
44.0,0.067618332081142,1.0,0.2,3,0.09202732678602064,0.2078511602399567,0.7853981633974483,-20328.182456970215,1.903777162385826
