N,kappa,pi,seed,contrast,SAA,k_star_c,E,Rg
128,0.0,0.99,1,0.041203587823861104,0.08116819713208712,1.2667712312862067,-70554.88543701172,4.555097343607765
128,0.0,0.99,2,0.045773260141098254,0.10581693619066017,1.2667712312862067,-71077.50540161133,4.5411451937396174
128,0.0,0.99,3,0.04197300734240671,0.10001446122602878,1.4616591130225463,-70759.42987060547,4.594160829210064
128,0.0,0.99,4,0.04271651733923667,0.1187082294959427,1.2667712312862067,-70353.85598754883,4.572801506076665
128,0.0,0.9,1,0.045713433928747126,0.08664850804676737,1.2667712312862067,-70899.23419189453,4.558186811788719
128,0.0,0.9,2,0.045507652295262796,0.0942156970324582,1.2667712312862067,-71093.71957397461,4.53320042890056
128,0.0,0.9,3,0.04564756849013479,0.09772205380722165,1.0718833495498672,-70683.6344909668,4.599003721983691
128,0.0,0.9,4,0.04631316455636576,0.12013381066516518,1.2667712312862067,-70478.83901977539,4.586404249593809
128,0.3,0.99,1,0.06094339431733267,0.11368347855069709,0.6821075860771882,-72842.52416992188,4.5475551845941675
128,0.3,0.99,2,0.059390858892997694,0.1125806543569277,1.0718833495498672,-72748.43789672852,4.549935797589253
128,0.3,0.99,3,0.009918352190130084,0.009720635280974574,1.2667712312862067,1.2226528729125474e+19,15626810.606552942
128,0.3,0.99,4,0.05341990086720526,0.131648058934147,1.2667712312862067,-71721.63537597656,4.563716628066157
128,0.3,0.9,1,0.0548735795138756,0.09943685730626015,1.2667712312862067,-72000.9418334961,4.5122249215577686
128,0.3,0.9,2,0.048946238240710184,0.09849850954736825,1.0718833495498672,-71875.42294311523,4.548011498349511
128,0.3,0.9,3,0.010006052420736714,0.010026560426014516,0.6821075860771882,9.87493175187512e+18,14322834.72065404
128,0.3,0.9,4,0.05436583070331735,0.12693466999315714,1.2667712312862067,-70829.17190551758,4.550047451435583
128,0.6,0.99,1,0.17304422378707723,0.16384454879749985,0.6821075860771882,-77043.07723999023,4.505389159788752
128,0.6,0.99,2,0.1451387773283378,0.15700206277298473,0.6821075860771882,-77507.33969116211,4.515558971529835
128,0.6,0.99,3,0.01005996395780051,0.010138988555038864,0.6821075860771882,1.36859646601352e+19,14992794.370702902
128,0.6,0.99,4,0.12319155278203979,0.16566686255751642,0.6821075860771882,-76666.0121307373,4.500219350759471
128,0.6,0.9,1,0.08892938562473267,0.1130443341827112,0.8769954678135278,-74507.05108642578,4.551943221378029
128,0.6,0.9,2,0.08525162496889117,0.13254207930222872,1.0718833495498672,-75207.83709716797,4.573947798455094
128,0.6,0.9,3,0.011275916455188266,0.010713043165270723,0.6821075860771882,1.1142807112165536e+19,14334466.68829312
128,0.6,0.9,4,0.08184753439833839,0.1267420339083604,1.0718833495498672,-73665.49002075195,4.5766521862217
128,0.9,0.99,1,0.3718147790287341,0.25860881848728506,0.6821075860771882,-84205.58380126953,4.481519255031245
128,0.9,0.99,2,0.3779014634290388,0.268199699507375,0.6821075860771882,-84360.41149902344,4.538620029227949
128,0.9,0.99,3,0.00996520779512322,0.010073897147522175,1.0718833495498672,5.097820119179395e+20,14964684.5691747
128,0.9,0.99,4,0.3066711333104296,0.2521250754522547,0.6821075860771882,-83928.12149047852,4.475464420149324
128,0.9,0.9,1,0.1624058689612603,0.14776873142673283,0.8769954678135278,-78512.47189331055,4.555676559860607
128,0.9,0.9,2,0.17255576377858617,0.16768393822672928,0.8769954678135278,-78709.86517333984,4.573953494712056
128,0.9,0.9,3,0.009554373859181117,0.009824914620647347,1.0718833495498672,9.863377049782594e+18,15365830.11604146
128,0.9,0.9,4,0.1930914096457927,0.1761205565068222,0.8769954678135278,-79087.53973388672,4.576334906436621
128,1.0,0.99,1,0.48339482262695793,0.3165518162595604,0.6821075860771882,-87704.82522583008,4.564358155954675
128,1.0,0.99,2,0.45794538734413526,0.34504899188469923,0.6821075860771882,-88425.53085327148,4.406544663905096
128,1.0,0.99,3,0.5452388675982232,0.3795547752191316,0.6821075860771882,-87772.72485351562,4.354643754627054
128,1.0,0.99,4,0.47299679428196695,0.3254160741383964,0.6821075860771882,-88831.00344848633,4.496969661603695
128,1.0,0.9,1,0.23482530770697888,0.19834817569188173,0.8769954678135278,-81145.31958007812,4.619167975525965
128,1.0,0.9,2,0.2756004004848473,0.22071652484220353,0.6821075860771882,-81291.31814575195,4.511979040103745
128,1.0,0.9,3,0.2352992047457213,0.22614234848831005,0.6821075860771882,-80520.8002319336,4.515414943658549
128,1.0,0.9,4,0.22283745446896935,0.19052579462416286,0.6821075860771882,-80182.3805847168,4.609141138753617
160,0.0,0.99,1,0.06600218655437193,0.18761905107604493,1.1759488769555806,-88212.93115234375,5.071649489513987
160,0.0,0.99,2,0.07930382468644134,0.22105132876615965,1.1759488769555806,-88174.30889892578,5.042308662665131
160,0.0,0.99,3,0.06824593217091429,0.22415568936882072,1.3568640887949006,-88685.17544555664,5.047071054009876
160,0.0,0.99,4,0.0709410353294753,0.18454432030847356,1.1759488769555806,-88091.98876953125,5.14660827910029
160,0.0,0.9,1,0.06632438642658492,0.19073207113696453,1.1759488769555806,-88577.97259521484,5.069465227905874
160,0.0,0.9,2,0.07180082922330314,0.24895224781057243,1.3568640887949006,-88430.8173828125,5.049826876584801
160,0.0,0.9,3,0.06511932141672697,0.23904016201906533,1.3568640887949006,-88640.07131958008,5.029335530911161
160,0.0,0.9,4,0.06862102873700578,0.18503047845352782,1.1759488769555806,-87568.4518737793,5.1496643355718295
160,0.3,0.99,1,0.10313434188705012,0.24751331879422364,0.6332032414376203,-90574.13021850586,5.048837453189869
160,0.3,0.99,2,0.10157612637882166,0.2482597700473807,0.9950336651162605,-89998.78463745117,5.029778289031926
160,0.3,0.99,3,0.09614037784613089,0.26519721836149585,0.8141184532769403,-90761.12902832033,5.034415809196533
160,0.3,0.99,4,0.08980187827964925,0.2185672099478247,0.9950336651162605,-90288.85861206056,5.138587747119082
160,0.3,0.9,1,0.0743049599990701,0.20579442724211025,1.1759488769555806,-89262.1106262207,5.08382843158653
160,0.3,0.9,2,0.08357202822102003,0.21770337846691512,1.1759488769555806,-88871.03405761719,5.054246624199857
160,0.3,0.9,3,0.08047340519576433,0.2318146452643956,1.1759488769555806,-89462.41320800781,5.070780067273885
160,0.3,0.9,4,0.08646894315131592,0.20233456092168217,1.1759488769555806,-88904.04901123047,5.166004013625267
160,0.6,0.99,1,0.2823178896062572,0.331792865744989,0.6332032414376203,-96639.6120300293,5.021356534585117
160,0.6,0.99,2,0.24096784259647075,0.33663011352248595,0.6332032414376203,-95468.40682983398,5.017606816122945
160,0.6,0.99,3,0.23287394471028713,0.33306445154114855,0.6332032414376203,-97024.54614257812,5.014079678112132
160,0.6,0.99,4,0.2021462135770387,0.2731256075381162,0.6332032414376203,-95862.02655029295,5.12933611665764
160,0.6,0.9,1,0.14705799218172874,0.22020842374700203,0.9950336651162605,-93251.25900268556,5.0884679157964845
160,0.6,0.9,2,0.12418481659938978,0.2579424135144198,0.8141184532769403,-92257.12927246094,5.0653272029166025
160,0.6,0.9,3,0.12148330815751618,0.24248188369074225,0.8141184532769403,-93444.3682861328,5.0390533381939635
160,0.6,0.9,4,0.11646085487270759,0.21558934793453594,1.1759488769555806,-92505.00942993164,5.158644307485994
160,0.9,0.99,1,0.7067229676821167,0.5207241992411766,0.6332032414376203,-106260.82022094728,5.065844640585829
160,0.9,0.99,2,0.6609257266178555,0.538878274592875,0.6332032414376203,-105366.95404052734,4.999745504024485
160,0.9,0.99,3,0.5292262503490148,0.4499204371109224,0.6332032414376203,-105842.89907836914,4.970094491573011
160,0.9,0.99,4,0.4544368040460385,0.3748928847544443,0.6332032414376203,-104934.5775756836,5.125897936988459
160,0.9,0.9,1,0.26070778912259585,0.2934810610608554,0.6332032414376203,-99112.4448852539,5.120504615821422
160,0.9,0.9,2,0.2596314502047351,0.28722811002696647,0.8141184532769403,-98546.87890625,5.066523948685987
160,0.9,0.9,3,0.25729217978980584,0.32084516903736154,0.8141184532769403,-98657.95626831056,5.048124843210458
160,0.9,0.9,4,0.24462139650264073,0.25789254628436736,0.8141184532769403,-98196.51571655272,5.217215148300531
160,1.0,0.99,1,0.7254234993079298,0.5203856383040867,0.6332032414376203,-110639.8507385254,5.091074804531305
160,1.0,0.99,2,0.7562805106379874,0.5820534455836486,0.6332032414376203,-110532.07147216795,4.914767365553034
160,1.0,0.99,3,0.01607409073546069,0.015855928625601458,0.6332032414376203,1.3047633222915334e+19,16577486.166945776
160,1.0,0.9,1,0.4150478612049,0.38118511883069656,0.6332032414376203,-100998.98190307616,5.185039162821429
160,1.0,0.9,2,0.3477052206480757,0.3363781598482423,0.8141184532769403,-101046.7117614746,4.9990963314134715
160,1.0,0.9,3,0.015271842127627522,0.015762846597468495,0.9950336651162605,1.234546373197822e+19,16467573.69330662
16,0.0,0.99,1,0.0008083024560195248,0.002870931914508889,1.3642151721543765,-8988.103756904602,1.7115274102923417
16,0.0,0.99,2,0.0008920709392031437,0.0032796125921564535,1.3642151721543765,-8977.350777626038,1.7026753566827004
16,0.0,0.99,3,0.001000837096328113,0.0034192657810474176,1.3642151721543765,-8894.569926977158,1.6828516369644622
16,0.0,0.99,4,0.0008151202226286853,0.0028557895895364757,0.9744394086816974,-8893.22678565979,1.6905710118070585
16,0.0,0.9,1,0.0009181284167382666,0.003029301032043136,1.3642151721543765,-8999.734753608704,1.7051264793718153
16,0.0,0.9,2,0.0008249345033686606,0.003640846383070428,1.3642151721543765,-8920.15970993042,1.6669049085291476
16,0.0,0.9,3,0.0009409551700013896,0.002834945052762108,1.3642151721543765,-8828.1655960083,1.6958323293386774
16,0.0,0.9,4,0.0008795038512441174,0.0028637660500694896,1.3642151721543765,-8961.638553619385,1.686893341832547
16,0.3,0.99,1,0.000903746852093359,0.0034304437552455506,1.3642151721543765,-9003.359751701355,1.6896313580879363
16,0.3,0.99,2,0.0011981378131647898,0.003925091293485646,0.9744394086816974,-9240.522475242617,1.6913270052106906
16,0.3,0.99,3,0.001007925750268609,0.0027252724988239435,1.3642151721543765,-8922.390749454498,1.7093146594741466
16,0.3,0.99,4,0.0010878509412951994,0.002417916423751017,0.9744394086816974,-9031.979356765749,1.6759094570603577
16,0.3,0.9,1,0.0009557196715328504,0.003136624477096706,0.9744394086816974,-9175.996377944946,1.719998246288066
16,0.3,0.9,2,0.0009239655419389531,0.002739325184505235,1.3642151721543765,-8859.569614887238,1.6763051256947716
16,0.3,0.9,3,0.0010002389651735109,0.002750698462585463,0.9744394086816974,-9207.665748596191,1.7355965067631856
16,0.3,0.9,4,0.0009337195800311862,0.002486368992515025,1.3642151721543765,-9143.491997718813,1.717708466046277
16,0.6,0.99,1,0.0027709684001963595,0.0047213604740613275,0.5846636452090185,-9692.157165527344,1.6546904123864887
16,0.6,0.99,2,0.002856597124974452,0.004706577393916576,0.5846636452090185,-9622.78479719162,1.6729730430614989
16,0.6,0.99,3,0.001923406589439447,0.00415231402678406,0.9744394086816974,-9564.05759716034,1.6768575385094298
16,0.6,0.99,4,0.0021965224330779552,0.0029800478779426092,0.9744394086816974,-9847.006308078766,1.6138584728672771
16,0.6,0.9,1,0.0017085332369971271,0.0034716640761928144,0.9744394086816974,-9569.8348031044,1.7652372767502382
16,0.6,0.9,2,0.001989004033060623,0.0037041482228812443,0.9744394086816974,-9405.520581245422,1.7238017228683298
16,0.6,0.9,3,0.0012989587482101603,0.0019322143381561609,0.9744394086816974,-9378.47190284729,1.704718725465951
16,0.6,0.9,4,0.0017491246920519805,0.0029124542161168597,0.9744394086816974,-9567.329465389252,1.6591970913210163
16,0.9,0.99,1,0.00849916432938638,0.007034837739870318,0.5846636452090185,-10520.120808124542,1.6587646556004243
16,0.9,0.99,2,0.009476711258835598,0.009288831178218385,0.5846636452090185,-10568.690770149233,1.6244685255716302
16,0.9,0.99,3,0.004296809686817021,0.004811030045109515,0.5846636452090185,-10607.482436180117,1.6251483933716708
16,0.9,0.99,4,0.003987752868480586,0.0036062785341516657,0.5846636452090185,-10574.83873271942,1.6297202905822985
16,0.9,0.9,1,0.002887556972147844,0.004522835934663956,0.5846636452090185,-9859.86909866333,1.7495244399233831
16,0.9,0.9,2,0.00521571601764227,0.0059757105248531076,0.5846636452090185,-10322.352378368378,1.7151039253927176
16,0.9,0.9,3,0.0029873882418517423,0.002178090582700801,0.9744394086816974,-10099.534412384031,1.7302303130074672
16,0.9,0.9,4,0.002195102261164802,0.0035465581476506977,0.5846636452090185,-10095.700731277466,1.680642682718502
16,1.0,0.99,1,0.015293001969511461,0.01132843455919173,0.5846636452090185,-11490.216570734978,1.5903462881476065
16,1.0,0.99,2,0.009547258158964136,0.00913181680967506,0.5846636452090185,-11029.816923856735,1.6385765895681423
16,1.0,0.99,3,0.01066917316418434,0.008280690389374195,0.5846636452090185,-10993.391027450562,1.5931519017270033
16,1.0,0.99,4,0.0001390650621468794,0.00013165966693896047,0.5846636452090185,1.219247227922041e+18,5270112.21373144
16,1.0,0.9,1,0.003917778767236805,0.004688117665969051,0.9744394086816974,-10462.423318862917,1.749724419548749
16,1.0,0.9,2,0.003975523047674799,0.004962327888490001,0.9744394086816974,-10459.81169128418,1.7432335953098896
16,1.0,0.9,3,0.0033217883940903628,0.003267867741496018,0.9744394086816974,-10504.103978157043,1.7601019822150652
16,1.0,0.9,4,0.000140259526907443,0.00014895275107809462,0.9744394086816974,1.1529834118945818e+18,5155761.182276988
24,0.0,0.99,1,0.0020628643697844277,0.011359415980799143,1.1919321720936886,-13368.878177642822,2.0939454632461216
24,0.0,0.99,2,0.002176028707808888,0.00902249115912627,1.1919321720936886,-13344.656047821043,2.073745212855263
24,0.0,0.99,3,0.0020154593228448106,0.009558237020655233,1.1919321720936886,-13537.51282119751,2.0451591225936077
24,0.0,0.99,4,0.002216726725034494,0.008503505134984189,1.1919321720936886,-13352.168256759644,2.058243065172177
24,0.0,0.9,1,0.00186256013672909,0.010518273327447281,1.1919321720936886,-13301.57122516632,2.073039848499237
24,0.0,0.9,2,0.0019089785716557826,0.008799738212219792,1.1919321720936886,-13268.011636734009,2.076127832791213
24,0.0,0.9,3,0.0020011245681630712,0.00998390081946124,1.1919321720936886,-13380.604570388794,2.0511800651396968
24,0.0,0.9,4,0.0019062108505801853,0.009572897432988637,1.1919321720936886,-13236.154396057129,2.0166188067833715
24,0.3,0.99,1,0.00240974071183821,0.012834341162024046,1.1919321720936886,-13580.531366825104,2.0897640530027246
24,0.3,0.99,2,0.0030082086493335245,0.011080767028717367,0.510828073754438,-13694.26781463623,2.0999960157064015
24,0.3,0.99,3,0.00038092247666595016,0.00038203937488421913,1.1919321720936886,1.9784194975204503e+18,6384714.854677938
24,0.3,0.99,4,0.002079747533369518,0.007769273744661298,1.1919321720936886,-13480.228801727297,2.0128214454174493
24,0.3,0.9,1,0.002412878114300868,0.012543566704821135,1.1919321720936886,-13510.511085987093,2.0898744340912523
24,0.3,0.9,2,0.0032587860608703405,0.009383661380726063,1.1919321720936886,-13675.595790863035,2.0832962258858845
24,0.3,0.9,3,0.0003705444294996756,0.00036484859648507767,1.1919321720936886,1.847245859426629e+18,6469874.892833223
24,0.3,0.9,4,0.002072791222056229,0.008580744414411121,1.1919321720936886,-13424.158752441406,2.063526448103026
24,0.6,0.99,1,0.006694105567772361,0.015332341371625136,0.510828073754438,-14522.755063056946,2.042441802681514
24,0.6,0.99,2,0.007596012886463914,0.014375926474705768,0.510828073754438,-14690.824401378632,2.0778680373000773
24,0.6,0.99,3,0.00035234456143049344,0.0003456869898195587,0.510828073754438,1.875291665449244e+18,6824685.140053888
24,0.6,0.99,4,0.004299492207688313,0.007065543046634208,0.8513801229240632,-14319.933038711548,1.9652397578769256
24,0.6,0.9,1,0.003017161691941602,0.012855504201174258,0.510828073754438,-13875.471111297607,2.06018945485216
24,0.6,0.9,2,0.0033575146957278913,0.009492476233779,1.1919321720936886,-13924.659196853638,2.1291303348687185
24,0.6,0.9,3,0.00034504587103037114,0.000375950247951494,0.510828073754438,7.4651258422648126e+22,6816724.991702303
24,0.6,0.9,4,0.003303997588140247,0.006064263327007614,1.1919321720936886,-13948.751302719116,2.068668285774644
24,0.9,0.99,1,0.01985965479242079,0.0209215685963555,0.510828073754438,-15561.591791152954,2.023681837693013
24,0.9,0.99,2,0.0003819200886033482,0.00037790106579296226,0.8513801229240632,2.044575235383247e+18,6440351.494409061
24,0.9,0.99,3,0.009828803362802742,0.011167762782083151,0.510828073754438,-15490.088375091553,1.9491237611863843
24,0.9,0.99,4,0.011835362415838133,0.009905551725800989,0.510828073754438,-15596.90982723236,1.9755155091348915
24,0.9,0.9,1,0.006944355951648937,0.012664884785728001,0.8513801229240632,-14754.32695198059,2.1229683706563507
24,0.9,0.9,2,0.006307399262267576,0.007452304209198369,0.8513801229240632,-14713.97073173523,2.1216969366685348
24,0.9,0.9,3,0.0003332461596268684,0.0003359002312088769,1.5324842212633136,1.7805235176888822e+18,6537637.049797969
24,0.9,0.9,4,0.005586746510472355,0.007962584170179157,0.8513801229240632,-15054.497042655945,2.119328596911286
24,1.0,0.99,1,0.025784177831226024,0.020071694210303838,0.510828073754438,-16338.747485518456,1.9422028264079896
24,1.0,0.99,2,0.024416447690537274,0.020985659893021386,0.510828073754438,-15996.416006565094,1.9579913626669905
24,1.0,0.99,3,0.015785255715211517,0.015432010300917653,0.510828073754438,-16130.692810058594,1.9961561163047732
24,1.0,0.99,4,0.02857966691984372,0.021014053526828152,0.510828073754438,-16700.90331363678,1.9303490455040144
24,1.0,0.9,1,0.007003758824429914,0.012095867929375628,0.8513801229240632,-15195.44418144226,2.092476845553933
24,1.0,0.9,2,0.009426093407917977,0.0112116610592455,0.8513801229240632,-15186.037576198578,2.097105243234159
24,1.0,0.9,3,0.008738223473871582,0.011411175140480874,0.8513801229240632,-15492.40924167633,2.135917024408163
24,1.0,0.9,4,0.010237552417780798,0.01113459771312027,0.8513801229240632,-15839.803624153135,2.1763910764917083
32,0.0,0.99,1,0.003000748127135683,0.006949138547287642,1.392138546642449,-17710.546850204468,2.4406042163361414
32,0.0,0.99,2,0.0036609334793443237,0.005386121927240117,1.392138546642449,-17786.310928344727,2.379719412263883
32,0.0,0.99,3,0.0032582948563139387,0.006879435337872339,1.392138546642449,-17448.822019577026,2.307414700864677
32,0.0,0.99,4,0.002950812331646021,0.004732960333951973,1.0827744251663491,-17685.499042510986,2.383477504112362
32,0.0,0.9,1,0.0031142820180806844,0.00590352955753967,1.0827744251663491,-17676.09443473816,2.4370047680893303
32,0.0,0.9,2,0.003493612560389301,0.00440817672724391,1.392138546642449,-17786.851923942566,2.369940298083593
32,0.0,0.9,3,0.002744688918583771,0.006775651215440546,1.392138546642449,-17296.684911727905,2.2856008170740676
32,0.0,0.9,4,0.002886913486763589,0.004812204475414239,1.392138546642449,-17862.821751117706,2.3925998873229393
32,0.3,0.99,1,0.004857556973902583,0.0072539001192315575,0.7734103036902493,-18342.754802703857,2.3991405885217283
32,0.3,0.99,2,0.004497745723866073,0.007042853626704556,1.0827744251663491,-18063.33158969879,2.3716570908340544
32,0.3,0.99,3,0.0038247036486741335,0.00805171629381557,1.0827744251663491,-18122.28174972534,2.2992829315341776
32,0.3,0.99,4,0.0033465739347286385,0.004850286187018324,1.392138546642449,-18164.804109573364,2.3701120138151826
32,0.3,0.9,1,0.0037966619613101563,0.00572251789103027,1.0827744251663491,-17924.93474006653,2.4163063308899067
32,0.3,0.9,2,0.004227763131833166,0.0066541680192011956,1.0827744251663491,-18069.306675434113,2.3729946404116524
32,0.3,0.9,3,0.003405999503624672,0.007274384417206925,1.0827744251663491,-17613.231833457947,2.325663554899284
32,0.3,0.9,4,0.003219991964979103,0.0059684840545218025,1.392138546642449,-17820.695831775665,2.372691138794246
32,0.6,0.99,1,0.008621856916647444,0.009896010266149897,0.7734103036902493,-19055.925340652462,2.3736045074305925
32,0.6,0.99,2,0.006845197591905913,0.00886497838420314,1.0827744251663491,-18965.78620672226,2.3310192509663983
32,0.6,0.99,3,0.009243505830328671,0.011064707054356065,0.7734103036902493,-18866.438222885132,2.2960158907054105
32,0.6,0.99,4,0.006064654081075695,0.005663458944723988,1.0827744251663491,-19229.476097106937,2.321077153216504
32,0.6,0.9,1,0.00649520214443294,0.008044714738632686,1.0827744251663491,-18866.511415481567,2.4051985758266543
32,0.6,0.9,2,0.006279688230227353,0.006833850415244318,1.0827744251663491,-18658.60107946396,2.4067228898817583
32,0.6,0.9,3,0.005126923599077166,0.008007338209632616,0.7734103036902493,-18334.111934661865,2.3650164172687553
32,0.6,0.9,4,0.005045297907947192,0.005418939599379261,1.0827744251663491,-18760.45018196106,2.3994668058618904
32,0.9,0.99,1,0.020318667285447782,0.01603293498280734,0.7734103036902493,-20692.523529052734,2.329146265263292
32,0.9,0.99,2,0.016657587745859015,0.011946199696528164,0.7734103036902493,-20848.64649772644,2.30516192082224
32,0.9,0.99,3,0.021896680473821647,0.016956062577887697,0.7734103036902493,-20883.962770462036,2.2722102001403175
32,0.9,0.99,4,0.014983826773775697,0.010225027102616496,0.7734103036902493,-21123.471720695496,2.332241634407586
32,0.9,0.9,1,0.012190995080974522,0.01067377690295528,0.7734103036902493,-19651.614694595337,2.4583159866257787
32,0.9,0.9,2,0.01294533935187978,0.011530020075015338,0.7734103036902493,-19728.239258766174,2.4145956040651804
32,0.9,0.9,3,0.013683307358078165,0.01172834246365813,0.7734103036902493,-20020.195811271667,2.3753595777150345
32,0.9,0.9,4,0.0092473613457607,0.007783087005189536,0.7734103036902493,-19929.47651863098,2.3939358190363524
32,1.0,0.99,1,0.02214275666940574,0.015364723202060279,0.7734103036902493,-22349.115646362305,2.2223875116004814
32,1.0,0.99,2,0.02178471222312626,0.012560035864480729,0.7734103036902493,-22716.92292690277,2.284935697765185
32,1.0,0.99,3,0.02606784544699968,0.01692198608342942,0.7734103036902493,-21671.061051487923,2.2388856287536765
32,1.0,0.99,4,0.00046806978044437877,0.00046732534906263285,1.0827744251663491,2.757746147474498e+18,7645848.003062096
32,1.0,0.9,1,0.0174721050024772,0.01369024905257012,0.7734103036902493,-20552.200716018677,2.3427338074781776
32,1.0,0.9,2,0.01362424943654829,0.012143577836610289,0.7734103036902493,-20251.9262714386,2.416086445633933
32,1.0,0.9,3,0.018902613594236145,0.013648898759612237,0.7734103036902493,-20382.447432518005,2.3257346029471844
32,1.0,0.9,4,0.000552822866568446,0.0005464907791062635,1.392138546642449,2.4277025522288374e+18,7504895.066968277
48,0.0,0.99,1,0.007149048268008395,0.01910317198702076,1.2161003820347587,-26583.182136535645,2.7861660971541413
48,0.0,0.99,2,0.006959441897013693,0.015026685763347234,1.2161003820347587,-26586.30182647705,2.8745764360200656
48,0.0,0.99,3,0.006686676962602325,0.012426191638887838,1.2161003820347587,-26816.234001159668,2.8729773540060624
48,0.0,0.99,4,0.007180328665657927,0.017299671708380874,1.2161003820347587,-26311.89691925049,2.778846379051862
48,0.0,0.9,1,0.006550601492381795,0.0174085907521776,1.2161003820347587,-26375.319221496586,2.798115267590146
48,0.0,0.9,2,0.0061194339549459405,0.016800298248355022,1.2161003820347587,-26125.09823989868,2.8690035199975985
48,0.0,0.9,3,0.005887168177158381,0.012587064871798018,1.2161003820347587,-26458.918502807617,2.8830217399465736
48,0.0,0.9,4,0.007023412669013523,0.020605471640820296,1.2161003820347587,-26358.61540222168,2.789369860133785
48,0.3,0.99,1,0.009987915225856157,0.022061329052020903,1.2161003820347587,-27543.072330474857,2.779637202705443
48,0.3,0.99,2,0.011513505248717611,0.02110179876859352,0.6756113233526437,-27288.333393096924,2.828376530999641
48,0.3,0.99,3,0.009980400400574092,0.017911882113107062,0.6756113233526437,-27833.019004821777,2.8516348258728064
48,0.3,0.99,4,0.008037044893400605,0.018968897254631932,1.2161003820347587,-26944.262588500977,2.7681674523051374
48,0.3,0.9,1,0.008340401816941175,0.01828329058397051,1.2161003820347587,-27056.4080657959,2.7854813598753188
48,0.3,0.9,2,0.009272627381515762,0.016103122222513037,1.2161003820347587,-27212.22875213623,2.866450691166188
48,0.3,0.9,3,0.008332440529491713,0.01596224994265109,1.2161003820347587,-26895.90921020508,2.8712813950339613
48,0.3,0.9,4,0.00859768254656449,0.021008020446278725,1.2161003820347587,-26817.59045791626,2.7678303232640418
48,0.6,0.99,1,0.016893838015593188,0.02552387706220548,0.9458558526937011,-28976.214614868164,2.7341533176540502
48,0.6,0.99,2,0.026622517438836805,0.029312672709639546,0.6756113233526437,-28860.48525238037,2.82878472110379
48,0.6,0.99,3,0.02272749194594905,0.0244886656845704,0.6756113233526437,-29009.774185180664,2.8312265986006717
48,0.6,0.99,4,0.017772502957063077,0.025413768844232444,0.6756113233526437,-28894.877990722656,2.738738207849103
48,0.6,0.9,1,0.013193824444899492,0.02202756632708958,0.9458558526937011,-28256.283515930176,2.7646866297891246
48,0.6,0.9,2,0.013267569736601231,0.020101056745734237,0.9458558526937011,-27411.167922973633,2.867157619604366
48,0.6,0.9,3,0.010479276570179781,0.01764357334465993,1.2161003820347587,-27712.275848388672,2.8715964754794094
48,0.6,0.9,4,0.011520584045464216,0.019319627415602874,1.2161003820347587,-27837.56049346924,2.780327361947271
48,0.9,0.99,1,0.04707491440112768,0.038697080202369054,0.6756113233526437,-31442.56933259964,2.7003002004054006
48,0.9,0.99,2,0.056406613463499705,0.04370187753810193,0.6756113233526437,-31889.71910667419,2.732521348559301
48,0.9,0.99,3,0.04549722054255807,0.03307451586666227,0.6756113233526437,-31794.982948303223,2.814097655199477
48,0.9,0.99,4,0.048089355850072256,0.04126310558982957,0.6756113233526437,-31468.232124328613,2.7117602500435
48,0.9,0.9,1,0.020156180393081435,0.02554526551453028,0.9458558526937011,-29292.81427764893,2.846945673739966
48,0.9,0.9,2,0.026810080886049636,0.022773219612266478,0.9458558526937011,-29598.746990203857,2.852089143951733
48,0.9,0.9,3,0.0184624766413625,0.021002038972591792,0.6756113233526437,-29588.42990875244,2.9027120257168977
48,0.9,0.9,4,0.01954759243130304,0.021663135355767495,0.9458558526937011,-29352.85053253174,2.835232825434759
48,1.0,0.99,1,0.06823148845850022,0.047959849631802304,0.6756113233526437,-33049.26443576813,2.7718818997301824
48,1.0,0.99,2,0.0750856553299919,0.05405537381783374,0.6756113233526437,-33790.05237579346,2.77092279120662
48,1.0,0.99,3,0.0898935696616234,0.06582295459104907,0.6756113233526437,-33272.058937072754,2.6800140738396383
48,1.0,0.99,4,0.07285137900297461,0.04900909545702178,0.6756113233526437,-32908.10846328735,2.7867238165542836
48,1.0,0.9,1,0.024576879059145747,0.023719547250968743,0.9458558526937011,-29490.931858062744,2.9606877268128957
48,1.0,0.9,2,0.03714890418192936,0.03880932300702952,0.6756113233526437,-29874.881929397583,2.887801529891755
48,1.0,0.9,3,0.03149130580322244,0.03482725951609504,0.6756113233526437,-29980.734184265137,2.8541268687611376
48,1.0,0.9,4,0.029462791819536475,0.02713807109736014,0.6756113233526437,-30604.789001464844,2.9105709526806987
64,0.0,0.99,1,0.013163869789866762,0.043232993786928256,1.3504306052945574,-35251.80978393555,3.312271400158797
64,0.0,0.99,2,0.012632526084368495,0.04071849329653891,1.3504306052945574,-35621.02705383301,3.2447730302271736
64,0.0,0.99,3,0.0025204240966955876,0.002464038275566579,0.859364930641991,4.889280601233304e+18,10714771.43197042
64,0.0,0.99,4,0.01257930951324812,0.026882673899454524,1.3504306052945574,-35459.74597930908,3.1671783595004035
64,0.0,0.9,1,0.01136270442060552,0.04318646599633626,1.3504306052945574,-35052.471435546875,3.332696784501191
64,0.0,0.9,2,0.011910655201965735,0.04285995717131937,1.3504306052945574,-35524.52671813965,3.2040462730298436
64,0.0,0.9,3,0.0025204240966955876,0.002464038275566579,0.859364930641991,4.889280618615043e+18,10714771.43197042
64,0.0,0.9,4,0.012739211801622068,0.027439995868986995,1.3504306052945574,-35380.33222961426,3.158447216029515
64,0.3,0.99,1,0.01415999536882956,0.04967565470108826,1.104897767968274,-35986.72904968262,3.2991665936890096
64,0.3,0.99,2,0.016793804596928766,0.050031190676831525,0.859364930641991,-36694.01426696777,3.184020533455953
64,0.3,0.99,3,0.018967678074617023,0.052304995769169624,0.6138320933157079,-36142.251708984375,3.2035630948137936
64,0.3,0.99,4,0.015716270004077035,0.03579285925748191,1.104897767968274,-36402.52835845947,3.1481372677154686
64,0.3,0.9,1,0.01494552164271605,0.050264079013542864,1.104897767968274,-35795.80514526367,3.320521137715266
64,0.3,0.9,2,0.01288963951436031,0.0400282492385259,1.3504306052945574,-35718.93896484375,3.2069164821487015
64,0.3,0.9,3,0.0025458503772047645,0.002590778469223908,0.6138320933157079,4.941741555387513e+18,10463671.133646706
64,0.3,0.9,4,0.01327071765770978,0.023665943353957525,1.3504306052945574,-35677.5244140625,3.179095960885459
64,0.6,0.99,1,0.050573558540478535,0.07042459482097353,0.6138320933157079,-38925.189949035645,3.2834482515936605
64,0.6,0.99,2,0.04808862064682348,0.06581989743244859,0.6138320933157079,-38909.59164428711,3.160340792110612
64,0.6,0.99,3,0.05688017525092759,0.07600721990591781,0.6138320933157079,-38519.13415527344,3.2051029748135544
64,0.6,0.99,4,0.042960038326795395,0.05090374306264622,0.6138320933157079,-39085.44256591797,3.1257575382139136
64,0.6,0.9,1,0.024321022472951648,0.049392379940911876,0.859364930641991,-37239.60957336426,3.3242576223892137
64,0.6,0.9,2,0.02312547507733562,0.05010123698213066,0.859364930641991,-37727.8868560791,3.222048842628475
64,0.6,0.9,3,0.0024447693679191572,0.002564664514013605,1.3504306052945574,5.034153170256845e+18,10453898.94826957
64,0.6,0.9,4,0.02170948984692574,0.031000749077517948,1.104897767968274,-37309.397117614746,3.155678678493422
64,0.9,0.99,1,0.12122087317643099,0.10055624273327875,0.6138320933157079,-42663.61874389648,3.2142328918461556
64,0.9,0.99,2,0.1062040064829425,0.08721577754167209,0.6138320933157079,-42200.147888183594,3.1352620392687696
64,0.9,0.99,3,0.11507410630362955,0.1003963285825266,0.6138320933157079,-41915.92198944092,3.193357985231303
64,0.9,0.99,4,0.10152556393057907,0.07728114850961942,0.6138320933157079,-42490.432388305664,3.1023097676488995
64,0.9,0.9,1,0.044980532311398196,0.060835715023560444,0.859364930641991,-39478.96095275879,3.3222884616977373
64,0.9,0.9,2,0.05455936712845028,0.06359917061052012,0.6138320933157079,-39722.274185180664,3.2611579804784125
64,0.9,0.9,3,0.04597758305969002,0.06683431529058201,0.6138320933157079,-39635.839347839355,3.269082632130875
64,0.9,0.9,4,0.04468442921223648,0.043576631307548526,0.859364930641991,-39517.46235656738,3.1639793452814557
64,1.0,0.99,1,0.17980467855619714,0.13354358862742183,0.6138320933157079,-44941.54444885254,3.2682964454319654
64,1.0,0.99,2,0.19379187146275295,0.13879038345699207,0.6138320933157079,-44314.07360076904,3.1614589524235575
64,1.0,0.99,3,0.1880359175338271,0.13615483801065417,0.6138320933157079,-44363.7452545166,3.052433497326963
64,1.0,0.99,4,0.15801661068302625,0.1089567797169018,0.6138320933157079,-43800.32795715332,3.2878668981053565
64,1.0,0.9,1,0.07524138109440644,0.08429719077860642,0.6138320933157079,-40992.326431274414,3.4078062310122297
64,1.0,0.9,2,0.056857403015918226,0.06837805935005345,0.6138320933157079,-40359.894454956055,3.318654634521523
64,1.0,0.9,3,0.0711260016985105,0.06749975351743843,0.6138320933157079,-41216.68985748291,3.14301529107644
64,1.0,0.9,4,0.04856593396874319,0.049937377759371814,0.859364930641991,-40492.80057525635,3.294198917322147
96,0.0,0.99,1,0.027734148784775377,0.14203106483363626,1.394356589165835,-52683.77648925781,3.980436731949701
96,0.0,0.99,2,0.027572232981740667,0.12095674539556582,1.1798401908326297,-53321.26037597656,3.805823627191609
96,0.0,0.99,3,0.026757050057081844,0.12003958251422238,1.394356589165835,-52787.64222717285,4.003557674650271
96,0.0,0.99,4,0.025777813489042727,0.11683403315299405,1.1798401908326297,-52925.704330444336,3.9193229599111663
96,0.0,0.9,1,0.027490024909955144,0.14809918424309224,1.394356589165835,-52869.149185180664,3.9904129497192193
96,0.0,0.9,2,0.028109965699630812,0.1341301333485867,1.1798401908326297,-52776.56123352051,3.820688022721442
96,0.0,0.9,3,0.026948273481174092,0.12317848668254046,1.394356589165835,-52926.079666137695,4.018566118960943
96,0.0,0.9,4,0.025852879237253896,0.1161383284803112,1.1798401908326297,-52841.2022857666,3.947392255594325
96,0.3,0.99,1,0.05721467167647616,0.17611882837075488,0.5362909958330135,-54305.85353088379,3.9759399192425287
96,0.3,0.99,2,0.03274026068151428,0.14185452542435958,1.1798401908326297,-54594.816986083984,3.829091321606774
96,0.3,0.99,3,0.037017638976512515,0.14051776813388428,0.7508073941662189,-54142.705154418945,4.031821004744679
96,0.3,0.99,4,0.03609724633461317,0.1108262390831867,0.9653237924994243,-54345.38838195801,3.9442366493784298
96,0.3,0.9,1,0.028216312926435897,0.12630989162022743,1.394356589165835,-53270.16841125488,3.965167615697169
96,0.3,0.9,2,0.03278101002378453,0.12051394741854082,1.1798401908326297,-54218.69561767578,3.840187168711388
96,0.3,0.9,3,0.028264752820806212,0.1271102344838762,1.1798401908326297,-53550.87919616699,4.041943374547999
96,0.3,0.9,4,0.032047602410295445,0.11762138461807081,1.1798401908326297,-53496.63752746582,3.951770082473261
96,0.6,0.99,1,0.15736231874911652,0.22028694840993435,0.5362909958330135,-57686.76235961914,3.9476017495157896
96,0.6,0.99,2,0.09214757736475958,0.17304321118788935,0.5362909958330135,-57965.93585205078,3.815182150066213
96,0.6,0.99,3,0.11155399339021077,0.172081830524609,0.5362909958330135,-57893.28498840332,3.985347105381704
96,0.6,0.99,4,0.06403796947193949,0.12646707916384384,0.9653237924994243,-57041.40100097656,3.881886749183763
96,0.6,0.9,1,0.044178479090869,0.12161232418022709,0.9653237924994243,-55652.48147583008,3.995542609790283
96,0.6,0.9,2,0.049393207673169126,0.13485139058838466,0.9653237924994243,-56423.44903564453,3.868731935749796
96,0.6,0.9,3,0.04792074742853207,0.13053699976270844,0.7508073941662189,-55879.21495056152,4.035420869663828
96,0.6,0.9,4,0.049291524317659874,0.11963058228233414,0.9653237924994243,-55855.247161865234,3.9719669254624015
96,0.9,0.99,1,0.3320503771872181,0.2932971163387368,0.5362909958330135,-63163.121002197266,3.931398294957808
96,0.9,0.99,2,0.26043978389956274,0.23232293827892736,0.5362909958330135,-63544.825286865234,3.7524606232820528
96,0.9,0.99,3,0.307705861618728,0.26562220760556104,0.5362909958330135,-64067.90184020996,3.9449858217089906
96,0.9,0.99,4,0.2904126907584215,0.23531463397527416,0.5362909958330135,-63568.195068359375,3.854595859080538
96,0.9,0.9,1,0.10548069985592402,0.13117426315112393,0.7508073941662189,-59640.33638000488,4.035406838982043
96,0.9,0.9,2,0.10161183600121812,0.1587416893454246,0.7508073941662189,-59247.16795349121,3.856769340262875
96,0.9,0.9,3,0.10824744579417525,0.17767989577057416,0.5362909958330135,-59368.38471984863,4.08476877483235
96,0.9,0.9,4,0.08086672731065127,0.1428162458240379,0.9653237924994243,-58973.78843688965,4.036666061224182
96,1.0,0.99,1,0.42731696707424727,0.3530881888056552,0.5362909958330135,-66762.91334533691,3.975710735641705
96,1.0,0.99,2,0.4895757865506576,0.3608429744679149,0.5362909958330135,-66923.1898651123,3.82284557999997
96,1.0,0.99,3,0.4802594725905185,0.3919989117023016,0.5362909958330135,-67039.14971923828,3.8268689279004073
96,1.0,0.99,4,0.4099161836065494,0.30224020378382105,0.5362909958330135,-65530.72717285156,3.844138010675027
96,1.0,0.9,1,0.1424200361408552,0.2277909865830746,0.5362909958330135,-60843.80480957031,4.081459343464655
96,1.0,0.9,2,0.13135611662958768,0.17110432213832655,0.5362909958330135,-61360.33169555664,3.968182633726837
96,1.0,0.9,3,0.12852699213090868,0.17539629268481674,0.7508073941662189,-60652.77256774902,3.951245597462061
96,1.0,0.9,4,0.12305576330671697,0.1461406605523407,0.7508073941662189,-60237.913635253906,3.9472982564691375
