run_id,n_chains,chain_length,box_size,eps_AB,delta_eps,seed,q_peak,S_psi_peak,S_psi_peak_sem_time,S_psi_kmin,S_rho_kmin,non_gaussian_ratio_peak,shell_anisotropy_peak,peak_intensity_relative_variance,cg_variance_1p5,cg_variance_2,cg_variance_3,tau_psi_peak,gamma_psi_peak,kww_tau_peak,kww_beta_peak,plateau_psi_peak,S_psi_peak_relative_drift,energy_per_bead,mean_Rg,T_inst_star,n_frames_window
M0144_N40_kappa0p5_pi0p990_epsAB1_seed1,144,40,22,1,0,1,0.2855993321,6.306631686,0.288475497,6.306631686,345.0194453,1.309877687,1.266834456,0.03825507079,0.04315977948,0.02189832057,0.007195597532,,0.000705196871,243795.3989,0.2192003781,0.8013874919,-0.07267392996,-2.297112855,3.131844718,1.001183785,2500
M0144_N40_kappa0p5_pi0p990_epsAB1_seed2,144,40,22,1,0,2,0.2855993321,7.566672002,1.129575684,7.566672002,373.7141666,1.459505973,1.216187589,0.157993995,0.04624166207,0.02424272595,0.008237909379,,0.0005576702371,4057.564331,1.781510256,0.6504010966,-0.4797293113,-2.306137232,3.081427091,1.000320938,2500
M0144_N40_kappa0p5_pi0p990_epsAB1_seed3,144,40,22,1,0,3,0.2855993321,7.080740124,0.5606374345,7.080740124,344.5475069,1.487247567,1.347551114,0.0598053981,0.04306997418,0.02321989877,0.008343049038,,0.0005450409999,9208.598733,0.6929802251,0.6968276862,0.218307528,-2.295170568,3.113189983,0.9989452542,2500
M0144_N40_kappa0p5_pi0p990_epsAB1_seed4,144,40,22,1,0,4,0.2855993321,11.11083392,0.2793428208,11.11083392,344.354205,1.173870064,1.184772518,0.03701669735,0.04412894797,0.02380183434,0.009017415273,,0.0003881771517,10135.00176,1.01551125,0.7951410498,0.06677342266,-2.297974965,3.096621197,1.000062661,2500
M0144_N40_kappa0p5_pi0p990_epsAB0p95_seed1,144,40,22,0.95,0.05,1,0.4946725539,16.38088722,1.72271459,10.52506814,353.3397733,1.226563458,1.485981618,0.07905818597,0.07819921147,0.04560271416,0.01658296618,,0.0008413245513,35782.70187,0.5740666094,0.8046907855,-0.1949661928,-2.219831123,3.108407774,0.999313638,2500
M0144_N40_kappa0p5_pi0p990_epsAB0p95_seed2,144,40,22,0.95,0.05,2,0.5711986643,16.22317649,1.519243121,13.15948135,357.42183,1.941340807,1.58251682,0.1137993979,0.07960871606,0.04609069777,0.01672588136,2725.289971,0.001010259257,2838.875665,1.503688876,0.4522417653,-0.2278891341,-2.220426593,3.089542511,0.9997566754,2500
M0144_N40_kappa0p5_pi0p990_epsAB0p95_seed3,144,40,22,0.95,0.05,3,0.4946725539,15.22603603,1.152412316,7.10899791,359.7169872,1.533916961,2.163955784,0.08433017111,0.07113119481,0.04090979126,0.01419438301,,0.0008272324623,5376.211516,0.9558948433,0.6279131878,-0.1234968784,-2.218753248,3.083692997,1.000091902,2500
M0144_N40_kappa0p5_pi0p990_epsAB0p95_seed4,144,40,22,0.95,0.05,4,0.2855993321,13.75473374,4.111025374,13.75473374,372.0897183,1.504042266,1.663635472,0.393879213,0.07229608547,0.04083133756,0.01467815349,,0.0003956104303,6656.258193,0.825105941,0.6699684732,1.039967273,-2.224512838,3.098295036,0.9990470617,2500
M0144_N40_kappa0p5_pi0p990_epsAB0p9_seed1,144,40,22,0.9,0.1,1,0.2855993321,80.3807941,8.147467628,80.3807941,348.6876168,1.194005619,2.422688452,0.04653297937,0.1565365724,0.1116999255,0.05754205124,,8.653176925e-05,43237.46018,0.9302984843,0.9346552992,0.3408361539,-2.146275654,3.095468749,0.9987718244,2500
M0144_N40_kappa0p5_pi0p990_epsAB0p9_seed2,144,40,22,0.9,0.1,2,0.2855993321,74.81056168,4.582588754,74.81056168,343.8453771,1.059015835,1.458350078,0.02120561892,0.1619031952,0.1155440736,0.05807134214,,0.0001197408334,22588.3091,1.108283274,0.9142145731,0.2233001893,-2.145255401,3.05383609,1.000612823,2500
M0144_N40_kappa0p5_pi0p990_epsAB0p9_seed3,144,40,22,0.9,0.1,3,0.2855993321,37.68795129,2.512728075,37.68795129,322.4533681,1.131369453,1.810045888,0.02537648709,0.1192342874,0.07916590878,0.03581815818,,0.0001556508669,137601.1315,0.4389913685,0.8771696687,0.1778421504,-2.134349048,3.04805479,1.000113584,2500
M0144_N40_kappa0p5_pi0p990_epsAB0p9_seed4,144,40,22,0.9,0.1,4,0.2855993321,53.36610288,3.579155003,53.36610288,345.2317889,1.231754544,2.233035411,0.02528114074,0.1367740242,0.09214930859,0.04303926741,,0.0001221523852,3.246092116e+12,0.03859775298,0.9433398225,0.2294414449,-2.1429536,3.0921554,0.9991108037,2500
M0144_N40_kappa0p5_pi0p990_epsAB0p85_seed1,144,40,22,0.85,0.15,1,0.2855993321,85.02990088,6.029691144,85.02990088,315.0015312,1.546151032,1.589659267,0.02508743264,0.2022785353,0.1456977131,0.07225669256,,8.951909542e-05,137126.6799,0.5891367139,0.9247045116,0.2524337345,-2.074061248,3.117798089,0.9983596255,2500
M0144_N40_kappa0p5_pi0p990_epsAB0p85_seed2,144,40,22,0.85,0.15,2,0.2855993321,72.86268202,3.658019617,72.86268202,332.0068692,1.107525336,1.411967255,0.01909931772,0.1889364667,0.1347732841,0.06569018354,,0.0001182326405,6310.118433,2.157538943,0.8690034196,-0.113501455,-2.0744885,3.04315982,0.9993711579,2500
M0144_N40_kappa0p5_pi0p990_epsAB0p85_seed3,144,40,22,0.85,0.15,3,0.4038984489,50.50970981,2.092862321,46.93491287,336.7329987,1.131528977,1.71569195,0.01165338945,0.1698247403,0.1178119903,0.05352615691,,0.0002490443991,77907727.68,0.141897761,0.9051489809,-0.05072189186,-2.071871717,3.066987125,1.000221891,2500
M0144_N40_kappa0p5_pi0p990_epsAB0p85_seed4,144,40,22,0.85,0.15,4,0.2855993321,93.40449057,10.40666847,93.40449057,314.7561772,1.223878995,1.782404969,0.05891941392,0.1928157642,0.1403703318,0.07190180797,,5.552387816e-05,12572.15518,1.514925371,0.9216421833,0.3829420445,-2.067797429,3.082501203,1.000147177,2500
M0144_N40_kappa0p5_pi0p990_epsAB0p8_seed1,144,40,22,0.8,0.2,1,0.2855993321,117.3958291,14.54229307,117.3958291,318.6513996,1.11512861,1.780995337,0.06665612579,0.2272884645,0.1662524867,0.08621384998,,6.536846007e-05,1.537949658e+13,0.03296997292,0.9592953725,0.430867777,-2.013694113,3.121255536,0.999247196,2500
M0144_N40_kappa0p5_pi0p990_epsAB0p8_seed2,144,40,22,0.8,0.2,2,0.2855993321,138.1351694,14.14924414,138.1351694,319.3839322,1.065615951,1.428045328,0.04572407733,0.2267297249,0.1695340432,0.09206467015,,4.641091934e-05,4.684630719e+10,0.04146605948,0.9518961104,0.3470434918,-2.01217455,3.078605988,1.000247087,2500
M0144_N40_kappa0p5_pi0p990_epsAB0p8_seed3,144,40,22,0.8,0.2,3,0.2855993321,81.39278585,2.583841737,81.39278585,303.8963835,1.078073191,1.875146819,0.01293807312,0.200672882,0.144390845,0.07093205269,,0.0001164792341,7.903673723e+11,0.03930661804,0.9447981338,0.01172084661,-1.997523727,3.028424004,0.9996073238,2500
M0144_N40_kappa0p5_pi0p990_epsAB0p8_seed4,144,40,22,0.8,0.2,4,0.2855993321,125.139001,2.992281251,125.139001,306.1248764,1.054130101,2.13012634,0.005621694687,0.2288261281,0.1712519505,0.0914816591,,7.888598527e-05,4.338424313e+17,0.02488237846,0.9625360209,-0.0199156549,-2.005258184,3.11604811,1.000643649,2500
M0144_N40_kappa0p5_pi0p990_epsAB0p75_seed1,144,40,22,0.75,0.25,1,0.2855993321,86.15580471,7.048188613,86.15580471,295.126519,1.097720328,2.070680048,0.03585460968,0.2395858969,0.1727021483,0.08421220121,,0.0001243496244,1132736.074,0.3425261523,0.9164784412,0.2769023967,-1.948362146,3.103832368,0.9996061401,2500
M0144_N40_kappa0p5_pi0p990_epsAB0p75_seed2,144,40,22,0.75,0.25,2,0.4038984489,86.0212977,2.326708554,22.6361927,295.336169,1.187770747,2.075428943,0.005049766005,0.2179432128,0.1482393996,0.06068147053,,0.0001983437932,12472.35378,1.005486562,0.8282768281,0.08424393431,-1.941866045,3.096804913,1.000208792,2500
M0144_N40_kappa0p5_pi0p990_epsAB0p75_seed3,144,40,22,0.75,0.25,3,0.2855993321,106.2625266,7.516675336,106.2625266,306.5057355,1.085272732,1.670488978,0.0252369997,0.2303810942,0.1707032118,0.0879611305,,6.168944654e-05,2.479529606e+17,0.02330424323,0.9736541134,0.2127751186,-1.942244448,3.121929746,1.000222569,2500
M0144_N40_kappa0p5_pi0p990_epsAB0p75_seed4,144,40,22,0.75,0.25,4,0.2855993321,160.976653,15.45461227,160.976653,307.2986141,1.096461693,2.437671876,0.03971241858,0.2444479582,0.1858834858,0.1038117434,,4.672408171e-05,8.619165753e+18,0.02152557243,0.9731269588,0.3206304429,-1.947202992,3.067893403,1.000342169,2500
M0144_N40_kappa0p5_pi0p990_epsAB0p7_seed1,144,40,22,0.7,0.3,1,0.2855993321,203.3262734,3.107272784,203.3262734,298.5607165,1.178253978,2.493604147,0.002160751112,0.2822856967,0.2180892653,0.1245309495,,4.669388471e-05,,,0.9794469115,0.03406204497,-1.899543281,3.10640022,0.9997088949,2500
M0144_N40_kappa0p5_pi0p990_epsAB0p7_seed2,144,40,22,0.7,0.3,2,0.2855993321,126.4266021,6.214687878,126.4266021,293.7234492,1.155177333,2.123127839,0.01570460209,0.2570530635,0.1906854959,0.09887680288,,7.214004396e-05,7.770410355e+11,0.03738057602,0.9497411289,0.1958422859,-1.887606972,3.09390791,0.9997079441,2500
M0144_N40_kappa0p5_pi0p990_epsAB0p7_seed3,144,40,22,0.7,0.3,3,0.2855993321,138.8782375,2.463709223,138.8782375,286.1077658,1.13875674,2.47583369,0.003168608378,0.2417181332,0.1819516715,0.09822884709,,7.110933182e-05,1.059949176e+16,0.0261789098,0.9655400049,0.03892439807,-1.875122509,3.121102678,0.9994116604,2500
M0144_N40_kappa0p5_pi0p990_epsAB0p7_seed4,144,40,22,0.7,0.3,4,0.2855993321,129.608697,11.03231172,129.608697,286.1481483,1.062856627,2.003224741,0.0341070386,0.2565820003,0.1917080341,0.1009053999,,8.492101043e-05,20998.18465,1.110546979,0.9143252512,0.2944978548,-1.883949441,3.099052527,0.9996766299,2500
M0144_N40_kappa0p5_pi0p990_epsAB0p6_seed1,144,40,22,0.6,0.4,1,0.2855993321,149.1636798,8.29425139,149.1636798,271.5201628,1.198935055,1.934540366,0.01623978997,0.2927049302,0.2181172803,0.1143634736,,7.925106383e-05,1.991662646e+11,0.04123623555,0.9427145243,0.1599826148,-1.788074328,3.099388327,0.9998254178,2500
M0144_N40_kappa0p5_pi0p990_epsAB0p6_seed2,144,40,22,0.6,0.4,2,0.2855993321,140.95044,12.83869438,140.95044,269.137676,1.097616389,1.995342933,0.03898875738,0.2793872015,0.2094072789,0.1107985029,,0.0001008208719,5.268872989e+12,0.03604884649,0.9474806555,0.3345438277,-1.776374754,3.115188432,0.9996233864,2500
M0144_N40_kappa0p5_pi0p990_epsAB0p6_seed3,144,40,22,0.6,0.4,3,0.2855993321,91.93015272,14.08239671,91.93015272,273.8113716,1.130128894,1.761802763,0.1069923819,0.2493409818,0.1808060767,0.08849667099,,8.352856602e-05,3379055987,0.107281623,0.9437257808,0.5703773354,-1.762119533,3.142432001,0.9994231133,2500
M0144_N40_kappa0p5_pi0p990_epsAB0p6_seed4,144,40,22,0.6,0.4,4,0.2855993321,204.9116548,10.25366994,204.9116548,273.1896367,1.192451546,2.722596546,0.01149625923,0.2810821897,0.2141178405,0.1211018283,,5.634575675e-05,5.548081396e+13,0.0313173855,0.9593271656,0.1816803453,-1.774793442,3.123978515,1.000275962,2500
M0144_N40_kappa0p5_pi0p990_epsAB0p5_seed1,144,40,22,0.5,0.5,1,0.2855993321,102.7900846,4.349391826,102.7900846,256.8645632,1.130099741,2.367091746,0.01226345057,0.2977823039,0.2159175245,0.1052097363,,0.0001115966807,58157.1141,0.8346467945,0.9312417291,0.1597211793,-1.691993478,3.116234908,0.9993395657,2500
M0144_N40_kappa0p5_pi0p990_epsAB0p5_seed2,144,40,22,0.5,0.5,2,0.2855993321,162.1949777,13.58304329,162.1949777,248.0666083,1.058387632,1.567818019,0.03157281968,0.2889736892,0.213868083,0.1126699077,,4.841841982e-05,7195.181826,2.572020537,0.9388640242,0.2479842509,-1.671060038,3.136805035,1.000066812,2500
M0144_N40_kappa0p5_pi0p990_epsAB0p5_seed3,144,40,22,0.5,0.5,3,0.2855993321,116.3558299,15.70901919,116.3558299,247.2357067,1.138620143,1.80487425,0.07971535307,0.2689922878,0.1980558022,0.1008530056,,7.908776089e-05,13635.29404,1.646317185,0.9398187516,0.4727700852,-1.653821482,3.149936092,0.9998097638,2500
M0144_N40_kappa0p5_pi0p990_epsAB0p5_seed4,144,40,22,0.5,0.5,4,0.2855993321,151.2246042,10.07929484,151.2246042,246.9730207,1.437047228,1.998067688,0.02145934787,0.2824781179,0.2078815609,0.1088036317,,6.617047692e-05,7.833071553e+10,0.04246178569,0.948610925,0.2220933447,-1.668075815,3.117750386,1.000056637,2500
M0144_N40_kappa0p5_pi0p990_epsAB0p3_seed1,144,40,22,0.3,0.7,1,0.2855993321,116.9726146,7.880678987,116.9726146,216.6551163,1.225122797,1.637221175,0.02426103006,0.3098316839,0.2188771638,0.1036674184,,0.000111955717,8.812850636e+10,0.04352433794,0.9420400621,0.2198316182,-1.516327853,3.202218169,0.9994698287,2500
M0144_N40_kappa0p5_pi0p990_epsAB0p3_seed2,144,40,22,0.3,0.7,2,0.4038984489,87.37199413,1.602697126,79.79253866,211.7915279,1.215333003,2.27351868,0.004823775585,0.2898085728,0.2018964053,0.09170437036,,0.0002304745522,16669.57189,0.992287696,0.8574622426,0.06689606857,-1.49126245,3.117200847,1.000408149,2500
M0144_N40_kappa0p5_pi0p990_epsAB0p3_seed3,144,40,22,0.3,0.7,3,0.2855993321,91.28777396,4.437888655,91.28777396,206.7526725,1.194404745,1.93621791,0.01703930865,0.2710404925,0.1903518336,0.09007764454,,0.000102913161,3.621268821e+19,0.02066572071,0.9709393084,0.1060248892,-1.464679805,3.149639352,0.9992291269,2500
M0144_N40_kappa0p5_pi0p990_epsAB0p3_seed4,144,40,22,0.3,0.7,4,0.2855993321,147.2663873,8.034624784,147.2663873,214.0385311,1.200894145,1.889272415,0.01479079452,0.2945302468,0.2112922743,0.1068192975,,9.694224677e-05,5.039268962e+10,0.04545798868,0.93828727,0.1819399129,-1.488427252,3.17537514,0.9999092593,2500
M0144_N40_kappa0p5_pi0p990_epsAB0p1_seed1,144,40,22,0.1,0.9,1,0.4038984489,87.19854537,1.121169659,67.90117121,181.0983048,1.197778082,2.156071246,0.004300803732,0.3077345226,0.2080446943,0.08923704044,,0.0002481852197,25870.07684,0.9453014767,0.8928399908,-0.02022509164,-1.365936045,3.130324966,0.9991384309,2500
M0144_N40_kappa0p5_pi0p990_epsAB0p1_seed2,144,40,22,0.1,0.9,2,0.4038984489,94.23416533,1.459369491,70.38344024,166.3844426,1.361083028,3.038936676,0.004985832507,0.295099428,0.2026235536,0.0898029423,,0.0002302769024,1508890.329,0.2552415478,0.8868365785,0.04712458867,-1.327897727,3.136518075,0.9998359719,2500
M0144_N40_kappa0p5_pi0p990_epsAB0p1_seed3,144,40,22,0.1,0.9,3,0.4038984489,81.40220504,2.360081044,55.10916679,165.5037436,1.169667951,1.802610663,0.006339103572,0.2652791526,0.1764589447,0.07499986338,,0.0002383356614,261328.3818,0.4475247587,0.9012141648,0.0214223983,-1.298887888,3.101366113,1.000307454,2500
M0144_N40_kappa0p5_pi0p990_epsAB0p1_seed4,144,40,22,0.1,0.9,4,0.4946725539,88.73571585,2.996529238,72.13378075,164.8746562,1.181507458,2.521355331,0.014988844,0.2850633671,0.1903632895,0.08058949111,,0.0002894043052,14205.67257,1.029899753,0.8462380533,0.0137191552,-1.325310073,3.120307371,1.000553567,2500
